set,clip,rung,height,target_kbps,cell,encoder_hw,n,w_base_src,mean_w_base_w,mean_delta_w_w,marginal_wh_per_min,attributional_wh_per_min,multiplier
C17,bbb_120s,sweep,1080,2500,x264/default,cpu,3,row,80.11,68.92,0.3016,0.6522,2.162
C17,bbb_120s,sweep,1080,2500,x264/slow,cpu,3,row,80.05,70.35,0.3748,0.8012,2.138
C17,bbb_120s,sweep,1080,2500,svtav1/default,cpu,3,row,81.34,67.80,0.4816,1.0591,2.199
C17,bbb_120s,sweep,1080,2500,x265/default,cpu,3,row,80.15,69.78,0.6183,1.3285,2.149
C17,bbb_120s,sweep,1080,2500,x265/slow,cpu,3,row,81.14,69.30,1.3281,2.8834,2.171
C17,bbb_120s,sweep,1080,2500,vp9/default,cpu,3,row,81.10,68.04,1.3684,2.9993,2.192
C17,bbb_120s,sweep,1080,2500,vp9/slow,cpu,3,row,80.20,69.72,1.7611,3.7869,2.150
C17,bbb_120s,sweep,1080,2500,vp9/slower,cpu,3,row,79.36,70.79,2.2953,4.8686,2.121
C17,bbb_120s,sweep,1080,2500,svtav1/slow,cpu,3,row,79.64,72.31,3.7440,7.8653,2.101
C17,bbb_120s,sweep,1080,5000,x264/default,cpu,3,row,79.10,69.91,0.3302,0.7037,2.131
C17,bbb_120s,sweep,1080,5000,x264/slow,cpu,3,row,80.08,68.68,0.4267,0.9242,2.166
C17,bbb_120s,sweep,1080,5000,svtav1/default,cpu,3,row,80.45,65.59,0.4622,1.0290,2.226
C17,bbb_120s,sweep,1080,5000,x265/default,cpu,3,row,79.94,70.50,0.7181,1.5323,2.134
C17,bbb_120s,sweep,1080,5000,vp9/default,cpu,3,row,79.12,70.19,1.5065,3.2045,2.127
C17,bbb_120s,sweep,1080,5000,x265/slow,cpu,3,row,79.97,70.24,1.5908,3.4020,2.139
C17,bbb_120s,sweep,1080,5000,vp9/slow,cpu,3,row,79.49,70.41,1.9625,4.1779,2.129
C17,bbb_120s,sweep,1080,5000,vp9/slower,cpu,3,row,79.46,70.64,2.5182,5.3507,2.125
C17,bbb_120s,sweep,1080,5000,svtav1/slow,cpu,3,row,79.66,72.45,3.8389,8.0596,2.099
C17,meridian_120s,sweep,1080,2500,x264/default,cpu,3,row,80.13,68.06,0.3428,0.7464,2.177
C17,meridian_120s,sweep,1080,2500,svtav1/default,cpu,3,row,80.35,65.51,0.3579,0.7968,2.227
C17,meridian_120s,sweep,1080,2500,x264/slow,cpu,3,row,85.42,60.80,0.3766,0.9057,2.405
C17,meridian_120s,sweep,1080,2500,x265/default,cpu,3,row,80.37,68.17,0.6627,1.4441,2.179
C17,meridian_120s,sweep,1080,2500,vp9/default,cpu,3,row,81.16,68.62,1.6672,3.6390,2.183
C17,meridian_120s,sweep,1080,2500,x265/slow,cpu,3,row,80.05,69.90,1.6854,3.6155,2.145
C17,meridian_120s,sweep,1080,2500,vp9/slow,cpu,3,row,86.28,64.51,1.9988,4.6716,2.337
C17,meridian_120s,sweep,1080,2500,vp9/slower,cpu,3,row,80.67,69.75,2.4347,5.2507,2.157
C17,meridian_120s,sweep,1080,2500,svtav1/slow,cpu,3,row,80.16,72.22,4.7039,9.9267,2.110
C17,meridian_120s,sweep,1080,5000,svtav1/default,cpu,3,row,79.75,64.76,0.3778,0.8429,2.231
C17,meridian_120s,sweep,1080,5000,x264/default,cpu,3,row,81.03,65.18,0.3893,0.8732,2.243
C17,meridian_120s,sweep,1080,5000,x264/slow,cpu,3,row,79.79,68.75,0.5500,1.1883,2.161
C17,meridian_120s,sweep,1080,5000,x265/default,cpu,3,row,80.62,65.58,0.7651,1.7056,2.229
C17,meridian_120s,sweep,1080,5000,vp9/default,cpu,3,row,79.70,69.81,1.9561,4.1891,2.142
C17,meridian_120s,sweep,1080,5000,x265/slow,cpu,3,row,80.34,70.99,2.0968,4.4697,2.132
C17,meridian_120s,sweep,1080,5000,vp9/slow,cpu,3,row,79.69,70.94,2.5775,5.4728,2.123
C17,meridian_120s,sweep,1080,5000,vp9/slower,cpu,3,row,80.44,70.67,2.9447,6.2962,2.138
C17,meridian_120s,sweep,1080,5000,svtav1/slow,cpu,3,row,80.22,72.77,5.6101,11.7937,2.102
R14,bbb,crf,1080,crf,h264_ultrafast,cpu,3,row,84.26,69.64,0.1806,0.3992,2.210
R14,bbb,crf,1080,crf,av1_p12,cpu,3,row,79.80,73.88,0.2417,0.5027,2.080
R14,bbb,crf,1080,crf,av1_p8,cpu,3,row,81.12,72.94,0.3768,0.7959,2.112
R14,bbb,crf,1080,crf,h264_medium,cpu,3,row,80.45,74.82,0.3994,0.8289,2.075
R14,bbb,crf,1080,crf,av1_p4,cpu,3,row,81.29,72.67,1.0026,2.1242,2.119
R14,bbb,crf,1080,crf,h264_veryslow,cpu,3,row,80.64,74.11,1.4022,2.9281,2.088
S53+VP9,bbb_120s,ladder,360,400,av1/gpu_baseline,nvenc,1,nominal,79.00,73.79,0.1189,0.2462,2.071
S53+VP9,bbb_120s,ladder,360,400,av1/cpu,cpu,1,nominal,79.00,67.91,0.1728,0.3738,2.163
S53+VP9,bbb_120s,ladder,360,500,h265/gpu_baseline,nvenc,1,nominal,79.00,73.16,0.1184,0.2464,2.080
S53+VP9,bbb_120s,ladder,360,500,h265/cpu,cpu,1,nominal,79.00,67.50,0.2297,0.4985,2.170
S53+VP9,bbb_120s,ladder,360,800,h264/gpu_baseline,nvenc,1,nominal,79.00,77.98,0.1256,0.2529,2.013
S53+VP9,bbb_120s,ladder,360,800,h264/cpu,cpu,1,nominal,79.00,69.33,0.1457,0.3118,2.139
S53+VP9,bbb_120s,ladder,480,1100,h264/gpu_baseline,nvenc,1,nominal,79.00,76.95,0.1252,0.2537,2.027
S53+VP9,bbb_120s,ladder,480,1100,h264/cpu,cpu,1,nominal,79.00,68.39,0.1619,0.3488,2.155
S53+VP9,bbb_120s,ladder,480,550,av1/gpu_baseline,nvenc,1,nominal,79.00,78.28,0.1267,0.2546,2.009
S53+VP9,bbb_120s,ladder,480,550,av1/cpu,cpu,1,nominal,79.00,67.25,0.2139,0.4652,2.175
S53+VP9,bbb_120s,ladder,480,650,h265/gpu_baseline,nvenc,1,nominal,79.00,76.90,0.1233,0.2499,2.027
S53+VP9,bbb_120s,ladder,480,650,h265/cpu,cpu,1,nominal,79.00,67.85,0.2789,0.6037,2.164
S53+VP9,bbb_120s,ladder,540,1600,h264/gpu_baseline,nvenc,1,nominal,79.00,77.16,0.1255,0.2541,2.024
S53+VP9,bbb_120s,ladder,540,1600,h264/cpu,cpu,1,nominal,79.00,70.44,0.1777,0.3769,2.122
S53+VP9,bbb_120s,ladder,540,800,av1/gpu_baseline,nvenc,1,nominal,79.00,75.09,0.1222,0.2507,2.052
S53+VP9,bbb_120s,ladder,540,800,av1/cpu,cpu,1,nominal,79.00,70.38,0.2493,0.5291,2.122
S53+VP9,bbb_120s,ladder,540,950,h265/gpu_baseline,nvenc,1,nominal,79.00,75.89,0.1229,0.2508,2.041
S53+VP9,bbb_120s,ladder,540,950,h265/cpu,cpu,1,nominal,79.00,69.16,0.3292,0.7051,2.142
S53+VP9,bbb_120s,ladder,720,1400,av1/gpu_baseline,nvenc,1,nominal,79.00,79.82,0.1305,0.2597,1.990
S53+VP9,bbb_120s,ladder,720,1400,av1/cpu,cpu,1,nominal,79.00,66.89,0.3122,0.6808,2.181
S53+VP9,bbb_120s,ladder,720,1700,h265/gpu_baseline,nvenc,1,nominal,79.00,79.27,0.1290,0.2575,1.997
S53+VP9,bbb_120s,ladder,720,1700,h265/cpu,cpu,1,nominal,79.00,67.42,0.4214,0.9151,2.172
S53+VP9,bbb_120s,ladder,720,2800,h264/gpu_baseline,nvenc,1,nominal,79.00,78.35,0.1281,0.2573,2.008
S53+VP9,bbb_120s,ladder,720,2800,h264/cpu,cpu,1,nominal,79.00,71.00,0.2288,0.4833,2.113
S53+VP9,bbb_120s,sweep,1080,1000,av1/gpu_baseline,nvenc,1,nominal,79.00,68.80,0.1395,0.2997,2.148
S53+VP9,bbb_120s,sweep,1080,1000,av1/gpu_tuned,nvenc,1,nominal,79.00,55.02,0.2669,0.6502,2.436
S53+VP9,bbb_120s,sweep,1080,1000,av1/cpu,cpu,1,nominal,79.00,65.60,0.3717,0.8194,2.204
S53+VP9,bbb_120s,sweep,1080,10000,h265/gpu_baseline,nvenc,1,row,78.83,67.14,0.1492,0.3244,2.174
S53+VP9,bbb_120s,sweep,1080,10000,h265/gpu_tuned,nvenc,1,row,79.57,46.15,0.3730,1.0162,2.724
S53+VP9,bbb_120s,sweep,1080,10000,h265/cpu,cpu,1,row,77.98,67.73,0.8391,1.8052,2.151
S53+VP9,bbb_120s,sweep,1080,11000,h264/gpu_baseline,nvenc,1,nominal,79.00,67.58,0.1395,0.3027,2.169
S53+VP9,bbb_120s,sweep,1080,11000,h264/gpu_tuned,nvenc,1,nominal,79.00,53.49,0.2229,0.5520,2.477
S53+VP9,bbb_120s,sweep,1080,11000,h264/cpu,cpu,1,nominal,79.00,70.13,0.3636,0.7733,2.126
S53+VP9,bbb_120s,sweep,1080,13000,h264/gpu_baseline,nvenc,1,row,80.75,68.87,0.1422,0.3089,2.172
S53+VP9,bbb_120s,sweep,1080,13000,h264/gpu_tuned,nvenc,1,row,80.22,53.21,0.2207,0.5535,2.508
S53+VP9,bbb_120s,sweep,1080,13000,h264/cpu,cpu,1,row,79.70,72.17,0.3889,0.8184,2.104
S53+VP9,bbb_120s,sweep,1080,1500,h265/gpu_baseline,nvenc,1,nominal,79.00,65.58,0.1445,0.3186,2.205
S53+VP9,bbb_120s,sweep,1080,1500,h265/gpu_tuned,nvenc,1,nominal,79.00,49.18,0.3962,1.0326,2.606
S53+VP9,bbb_120s,sweep,1080,1500,h265/cpu,cpu,1,nominal,79.00,69.61,0.5704,1.2178,2.135
S53+VP9,bbb_120s,sweep,1080,15000,h264/gpu_baseline,nvenc,1,row,80.01,66.53,0.1368,0.3012,2.203
S53+VP9,bbb_120s,sweep,1080,15000,h264/gpu_tuned,nvenc,1,row,78.68,52.17,0.2154,0.5404,2.508
S53+VP9,bbb_120s,sweep,1080,15000,h264/cpu,cpu,1,row,79.76,70.93,0.3901,0.8288,2.124
S53+VP9,bbb_120s,sweep,1080,1800,av1/gpu_baseline,nvenc,1,nominal,79.00,45.33,0.0911,0.2498,2.743
S53+VP9,bbb_120s,sweep,1080,1800,av1/gpu_tuned,nvenc,1,nominal,79.00,53.04,0.2573,0.6406,2.489
S53+VP9,bbb_120s,sweep,1080,1800,av1/cpu,cpu,1,nominal,79.00,64.75,0.3903,0.8665,2.220
S53+VP9,bbb_120s,sweep,1080,2500,h265/gpu_baseline,nvenc,1,nominal,79.00,66.14,0.1470,0.3225,2.194
S53+VP9,bbb_120s,sweep,1080,2500,h265/gpu_tuned,nvenc,1,nominal,79.00,48.30,0.3877,1.0219,2.636
S53+VP9,bbb_120s,sweep,1080,2500,h265/cpu,cpu,1,nominal,79.00,71.01,0.6213,1.3126,2.113
S53+VP9,bbb_120s,sweep,1080,2500,vp9/cpu,cpu,1,nominal,79.00,68.60,1.7150,3.6900,2.152
S53+VP9,bbb_120s,sweep,1080,2800,av1/gpu_baseline,nvenc,1,nominal,79.00,70.71,0.1427,0.3022,2.117
S53+VP9,bbb_120s,sweep,1080,2800,av1/gpu_tuned,nvenc,1,nominal,79.00,55.39,0.2698,0.6545,2.426
S53+VP9,bbb_120s,sweep,1080,2800,av1/cpu,cpu,1,nominal,79.00,68.11,0.4579,0.9889,2.160
S53+VP9,bbb_120s,sweep,1080,3000,h264/gpu_baseline,nvenc,1,nominal,79.00,65.66,0.1338,0.2947,2.203
S53+VP9,bbb_120s,sweep,1080,3000,h264/gpu_tuned,nvenc,1,nominal,79.00,52.66,0.2155,0.5388,2.500
S53+VP9,bbb_120s,sweep,1080,3000,h264/cpu,cpu,1,nominal,79.00,68.99,0.3041,0.6523,2.145
S53+VP9,bbb_120s,sweep,1080,3500,h265/gpu_baseline,nvenc,1,nominal,79.00,64.80,0.1428,0.3169,2.219
S53+VP9,bbb_120s,sweep,1080,3500,h265/gpu_tuned,nvenc,1,nominal,79.00,46.99,0.3772,1.0114,2.681
S53+VP9,bbb_120s,sweep,1080,3500,h265/cpu,cpu,1,nominal,79.00,69.36,0.6493,1.3888,2.139
S53+VP9,bbb_120s,sweep,1080,4000,av1/gpu_baseline,nvenc,1,nominal,79.00,68.79,0.1389,0.2983,2.148
S53+VP9,bbb_120s,sweep,1080,4000,av1/gpu_tuned,nvenc,1,nominal,79.00,51.91,0.2528,0.6376,2.522
S53+VP9,bbb_120s,sweep,1080,4000,av1/cpu,cpu,1,nominal,79.00,66.84,0.4029,0.8791,2.182
S53+VP9,bbb_120s,sweep,1080,4500,h264/gpu_baseline,nvenc,1,nominal,79.00,68.67,0.1405,0.3022,2.150
S53+VP9,bbb_120s,sweep,1080,4500,h264/gpu_tuned,nvenc,1,nominal,79.00,52.50,0.2158,0.5406,2.505
S53+VP9,bbb_120s,sweep,1080,4500,h264/cpu,cpu,1,nominal,79.00,68.78,0.3159,0.6787,2.149
S53+VP9,bbb_120s,sweep,1080,5000,h265/gpu_baseline,nvenc,1,nominal,79.00,64.68,0.1425,0.3166,2.221
S53+VP9,bbb_120s,sweep,1080,5000,h265/gpu_tuned,nvenc,1,nominal,79.00,47.54,0.3816,1.0158,2.662
S53+VP9,bbb_120s,sweep,1080,5000,h265/cpu,cpu,1,nominal,79.00,69.28,0.6986,1.4952,2.140
S53+VP9,bbb_120s,sweep,1080,5000,vp9/cpu,cpu,1,nominal,79.00,69.10,1.9271,4.1303,2.143
S53+VP9,bbb_120s,sweep,1080,6000,h264/gpu_baseline,nvenc,1,nominal,79.00,67.99,0.1385,0.2994,2.162
S53+VP9,bbb_120s,sweep,1080,6000,av1/gpu_baseline,nvenc,1,nominal,79.00,69.10,0.1395,0.2989,2.143
S53+VP9,bbb_120s,sweep,1080,6000,h264/gpu_tuned,nvenc,1,nominal,79.00,54.84,0.2255,0.5502,2.441
S53+VP9,bbb_120s,sweep,1080,6000,av1/gpu_tuned,nvenc,1,nominal,79.00,53.50,0.2606,0.6453,2.477
S53+VP9,bbb_120s,sweep,1080,6000,h264/cpu,cpu,1,nominal,79.00,70.34,0.3348,0.7107,2.123
S53+VP9,bbb_120s,sweep,1080,6000,av1/cpu,cpu,1,nominal,79.00,66.16,0.4797,1.0524,2.194
S53+VP9,bbb_120s,sweep,1080,7000,h265/gpu_baseline,nvenc,1,nominal,79.00,65.75,0.1461,0.3217,2.202
S53+VP9,bbb_120s,sweep,1080,7000,h265/gpu_tuned,nvenc,1,nominal,79.00,48.06,0.3858,1.0200,2.644
S53+VP9,bbb_120s,sweep,1080,7000,h265/cpu,cpu,1,nominal,79.00,70.68,0.7794,1.6506,2.118
S53+VP9,bbb_120s,sweep,1080,7500,av1/gpu_baseline,nvenc,1,row,79.18,72.35,0.1460,0.3059,2.094
S53+VP9,bbb_120s,sweep,1080,7500,av1/gpu_tuned,nvenc,1,row,78.36,53.85,0.2633,0.6464,2.455
S53+VP9,bbb_120s,sweep,1080,7500,av1/cpu,cpu,1,row,77.78,68.35,0.5088,1.0879,2.138
S53+VP9,bbb_120s,sweep,1080,8000,h264/gpu_baseline,nvenc,1,nominal,79.00,70.52,0.1437,0.3046,2.120
S53+VP9,bbb_120s,sweep,1080,8000,h264/gpu_tuned,nvenc,1,nominal,79.00,53.42,0.2196,0.5444,2.479
S53+VP9,bbb_120s,sweep,1080,8000,h264/cpu,cpu,1,nominal,79.00,70.97,0.3522,0.7443,2.113
S53+VP9,bbb_120s,sweep,1080,8500,h265/gpu_baseline,nvenc,1,row,78.19,63.58,0.1413,0.3150,2.230
S53+VP9,bbb_120s,sweep,1080,8500,h265/gpu_tuned,nvenc,1,row,78.91,47.88,0.3870,1.0249,2.648
S53+VP9,bbb_120s,sweep,1080,8500,h265/cpu,cpu,1,row,77.55,67.59,0.7998,1.7175,2.147
S53+VP9,kranjska_120s,ladder,360,400,av1/gpu_baseline,nvenc,1,nominal,79.00,64.55,0.0590,0.1313,2.224
S53+VP9,kranjska_120s,ladder,360,400,av1/cpu,cpu,1,nominal,79.00,65.01,0.0948,0.2100,2.215
S53+VP9,kranjska_120s,ladder,360,500,h265/gpu_baseline,nvenc,1,nominal,79.00,62.84,0.0569,0.1285,2.257
S53+VP9,kranjska_120s,ladder,360,500,h265/cpu,cpu,1,nominal,79.00,65.32,0.1713,0.3784,2.209
S53+VP9,kranjska_120s,ladder,360,800,h264/gpu_baseline,nvenc,1,nominal,79.00,64.54,0.0593,0.1319,2.224
S53+VP9,kranjska_120s,ladder,360,800,h264/cpu,cpu,1,nominal,79.00,65.47,0.0841,0.1855,2.207
S53+VP9,kranjska_120s,ladder,480,1100,h264/gpu_baseline,nvenc,1,nominal,79.00,63.37,0.0582,0.1308,2.247
S53+VP9,kranjska_120s,ladder,480,1100,h264/cpu,cpu,1,nominal,79.00,66.76,0.0936,0.2045,2.183
S53+VP9,kranjska_120s,ladder,480,550,av1/gpu_baseline,nvenc,1,nominal,79.00,65.48,0.0602,0.1327,2.206
S53+VP9,kranjska_120s,ladder,480,550,av1/cpu,cpu,1,nominal,79.00,66.84,0.1125,0.2454,2.182
S53+VP9,kranjska_120s,ladder,480,650,h265/gpu_baseline,nvenc,1,nominal,79.00,62.87,0.0575,0.1297,2.257
S53+VP9,kranjska_120s,ladder,480,650,h265/cpu,cpu,1,nominal,79.00,65.34,0.2024,0.4471,2.209
S53+VP9,kranjska_120s,ladder,540,1600,h264/gpu_baseline,nvenc,1,nominal,79.00,62.79,0.0572,0.1291,2.258
S53+VP9,kranjska_120s,ladder,540,1600,h264/cpu,cpu,1,nominal,79.00,67.32,0.1033,0.2246,2.173
S53+VP9,kranjska_120s,ladder,540,800,av1/gpu_baseline,nvenc,1,nominal,79.00,63.86,0.0584,0.1306,2.237
S53+VP9,kranjska_120s,ladder,540,800,av1/cpu,cpu,1,nominal,79.00,64.05,0.1186,0.2649,2.233
S53+VP9,kranjska_120s,ladder,540,950,h265/gpu_baseline,nvenc,1,nominal,79.00,63.54,0.0587,0.1316,2.243
S53+VP9,kranjska_120s,ladder,540,950,h265/cpu,cpu,1,nominal,79.00,65.84,0.2423,0.5331,2.200
S53+VP9,kranjska_120s,ladder,720,1400,av1/gpu_baseline,nvenc,1,nominal,79.00,69.82,0.0644,0.1374,2.131
S53+VP9,kranjska_120s,ladder,720,1400,av1/cpu,cpu,1,nominal,79.00,65.44,0.1333,0.2942,2.207
S53+VP9,kranjska_120s,ladder,720,1700,h265/gpu_baseline,nvenc,1,nominal,79.00,69.78,0.0638,0.1361,2.132
S53+VP9,kranjska_120s,ladder,720,1700,h265/cpu,cpu,1,nominal,79.00,67.77,0.3313,0.7175,2.166
S53+VP9,kranjska_120s,ladder,720,2800,h264/gpu_baseline,nvenc,1,nominal,79.00,66.48,0.0608,0.1330,2.188
S53+VP9,kranjska_120s,ladder,720,2800,h264/cpu,cpu,1,nominal,79.00,66.58,0.1288,0.2817,2.187
S53+VP9,kranjska_120s,sweep,1080,10000,h265/gpu_baseline,nvenc,1,nominal,79.00,66.64,0.0683,0.1493,2.185
S53+VP9,kranjska_120s,sweep,1080,10000,h265/gpu_tuned,nvenc,1,nominal,79.00,46.17,0.1558,0.4224,2.711
S53+VP9,kranjska_120s,sweep,1080,10000,h265/cpu,cpu,1,nominal,79.00,71.32,0.7489,1.5784,2.108
S53+VP9,kranjska_120s,sweep,1080,11000,av1/gpu_baseline,nvenc,1,nominal,79.00,66.52,0.0682,0.1492,2.188
S53+VP9,kranjska_120s,sweep,1080,11000,av1/gpu_tuned,nvenc,1,nominal,79.00,48.12,0.1096,0.2896,2.642
S53+VP9,kranjska_120s,sweep,1080,11000,av1/cpu,cpu,1,nominal,79.00,65.86,0.2131,0.4688,2.200
S53+VP9,kranjska_120s,sweep,1080,12000,h264/gpu_baseline,nvenc,1,nominal,79.00,63.82,0.0661,0.1479,2.238
S53+VP9,kranjska_120s,sweep,1080,12000,h264/gpu_tuned,nvenc,1,nominal,79.00,49.70,0.1063,0.2753,2.590
S53+VP9,kranjska_120s,sweep,1080,12000,h264/cpu,cpu,1,nominal,79.00,66.45,0.2473,0.5414,2.189
S53+VP9,kranjska_120s,sweep,1080,13000,h265/gpu_baseline,nvenc,1,nominal,79.00,67.38,0.0691,0.1501,2.172
S53+VP9,kranjska_120s,sweep,1080,13000,av1/gpu_baseline,nvenc,1,row,78.85,71.65,0.0745,0.1566,2.100
S53+VP9,kranjska_120s,sweep,1080,13000,av1/gpu_tuned,nvenc,1,row,79.39,50.48,0.1150,0.2958,2.573
S53+VP9,kranjska_120s,sweep,1080,13000,av1/cpu,cpu,1,row,103.60,38.27,0.1270,0.4709,3.707
S53+VP9,kranjska_120s,sweep,1080,13000,h265/gpu_tuned,nvenc,1,nominal,79.00,46.11,0.1569,0.4257,2.713
S53+VP9,kranjska_120s,sweep,1080,13000,h265/cpu,cpu,1,nominal,79.00,66.19,0.7649,1.6778,2.194
S53+VP9,kranjska_120s,sweep,1080,16000,h264/gpu_baseline,nvenc,1,nominal,79.00,65.20,0.0678,0.1500,2.212
S53+VP9,kranjska_120s,sweep,1080,16000,h264/gpu_tuned,nvenc,1,nominal,79.00,49.23,0.1058,0.2755,2.605
S53+VP9,kranjska_120s,sweep,1080,16000,h264/cpu,cpu,1,nominal,79.00,66.49,0.2635,0.5766,2.188
S53+VP9,kranjska_120s,sweep,1080,2000,av1/gpu_baseline,nvenc,1,nominal,79.00,68.93,0.0703,0.1509,2.146
S53+VP9,kranjska_120s,sweep,1080,2000,av1/gpu_tuned,nvenc,1,nominal,79.00,49.76,0.1128,0.2919,2.588
S53+VP9,kranjska_120s,sweep,1080,2000,av1/cpu,cpu,1,nominal,79.00,66.70,0.1871,0.4088,2.184
S53+VP9,kranjska_120s,sweep,1080,20000,h264/gpu_baseline,nvenc,1,nominal,79.00,63.64,0.0665,0.1491,2.241
S53+VP9,kranjska_120s,sweep,1080,20000,h264/gpu_tuned,nvenc,1,nominal,79.00,50.21,0.1083,0.2788,2.573
S53+VP9,kranjska_120s,sweep,1080,20000,h264/cpu,cpu,1,nominal,79.00,65.35,0.2699,0.5961,2.209
S53+VP9,kranjska_120s,sweep,1080,2500,h265/gpu_baseline,nvenc,1,nominal,79.00,67.91,0.0693,0.1499,2.163
S53+VP9,kranjska_120s,sweep,1080,2500,h265/gpu_tuned,nvenc,1,nominal,79.00,45.46,0.1534,0.4201,2.738
S53+VP9,kranjska_120s,sweep,1080,2500,h265/cpu,cpu,1,nominal,79.00,67.57,0.4523,0.9812,2.169
S53+VP9,kranjska_120s,sweep,1080,4000,h264/gpu_baseline,nvenc,1,nominal,79.00,64.35,0.0660,0.1470,2.228
S53+VP9,kranjska_120s,sweep,1080,4000,av1/gpu_baseline,nvenc,1,nominal,79.00,66.91,0.0679,0.1481,2.181
S53+VP9,kranjska_120s,sweep,1080,4000,h264/gpu_tuned,nvenc,1,nominal,79.00,48.88,0.1032,0.2700,2.616
S53+VP9,kranjska_120s,sweep,1080,4000,av1/gpu_tuned,nvenc,1,nominal,79.00,49.71,0.1127,0.2917,2.589
S53+VP9,kranjska_120s,sweep,1080,4000,h264/cpu,cpu,1,nominal,79.00,68.07,0.2061,0.4453,2.161
S53+VP9,kranjska_120s,sweep,1080,4000,av1/cpu,cpu,1,nominal,79.00,67.33,0.2076,0.4512,2.173
S53+VP9,kranjska_120s,sweep,1080,5000,h265/gpu_baseline,nvenc,1,nominal,79.00,65.93,0.0666,0.1464,2.198
S53+VP9,kranjska_120s,sweep,1080,5000,h265/gpu_tuned,nvenc,1,nominal,79.00,45.60,0.1539,0.4205,2.732
S53+VP9,kranjska_120s,sweep,1080,5000,h265/cpu,cpu,1,nominal,79.00,67.77,0.5723,1.2394,2.166
S53+VP9,kranjska_120s,sweep,1080,6000,av1/gpu_baseline,nvenc,1,nominal,79.00,68.90,0.0703,0.1509,2.147
S53+VP9,kranjska_120s,sweep,1080,6000,av1/gpu_tuned,nvenc,1,nominal,79.00,50.61,0.1153,0.2952,2.561
S53+VP9,kranjska_120s,sweep,1080,6000,av1/cpu,cpu,1,nominal,79.00,67.31,0.2085,0.4532,2.174
S53+VP9,kranjska_120s,sweep,1080,7500,h265/gpu_baseline,nvenc,1,nominal,79.00,63.41,0.0644,0.1446,2.246
S53+VP9,kranjska_120s,sweep,1080,7500,h265/gpu_tuned,nvenc,1,nominal,79.00,44.16,0.1490,0.4157,2.789
S53+VP9,kranjska_120s,sweep,1080,7500,h265/cpu,cpu,1,nominal,79.00,70.95,0.6780,1.4329,2.113
S53+VP9,kranjska_120s,sweep,1080,8000,h264/gpu_baseline,nvenc,1,nominal,79.00,64.85,0.0665,0.1475,2.218
S53+VP9,kranjska_120s,sweep,1080,8000,av1/gpu_baseline,nvenc,1,nominal,79.00,64.52,0.0671,0.1493,2.224
S53+VP9,kranjska_120s,sweep,1080,8000,h264/gpu_tuned,nvenc,1,nominal,79.00,50.15,0.1068,0.2750,2.575
S53+VP9,kranjska_120s,sweep,1080,8000,av1/gpu_tuned,nvenc,1,nominal,79.00,51.82,0.1175,0.2965,2.525
S53+VP9,kranjska_120s,sweep,1080,8000,av1/cpu,cpu,1,nominal,79.00,65.44,0.2045,0.4514,2.207
S53+VP9,kranjska_120s,sweep,1080,8000,h264/cpu,cpu,1,nominal,79.00,70.12,0.2415,0.5136,2.127
S53+VP9,meridian_120s,ladder,360,400,av1/gpu_baseline,nvenc,1,nominal,79.00,55.87,0.0877,0.2117,2.414
S53+VP9,meridian_120s,ladder,360,400,av1/cpu,cpu,1,nominal,79.00,62.29,0.1585,0.3595,2.268
S53+VP9,meridian_120s,ladder,360,500,h265/gpu_baseline,nvenc,1,nominal,79.00,56.10,0.0877,0.2111,2.408
S53+VP9,meridian_120s,ladder,360,500,h265/cpu,cpu,1,nominal,79.00,65.61,0.2387,0.5262,2.204
S53+VP9,meridian_120s,ladder,360,800,h264/gpu_baseline,nvenc,1,nominal,79.00,55.05,0.0860,0.2095,2.435
S53+VP9,meridian_120s,ladder,360,800,h264/cpu,cpu,1,nominal,79.00,62.31,0.1440,0.3266,2.268
S53+VP9,meridian_120s,ladder,480,1100,h264/gpu_baseline,nvenc,1,nominal,79.00,55.30,0.0872,0.2117,2.429
S53+VP9,meridian_120s,ladder,480,1100,h264/cpu,cpu,1,nominal,79.00,63.64,0.1697,0.3804,2.241
S53+VP9,meridian_120s,ladder,480,550,av1/gpu_baseline,nvenc,1,nominal,79.00,59.17,0.0925,0.2159,2.335
S53+VP9,meridian_120s,ladder,480,550,av1/cpu,cpu,1,nominal,79.00,63.06,0.1804,0.4064,2.253
S53+VP9,meridian_120s,ladder,480,650,h265/gpu_baseline,nvenc,1,nominal,79.00,57.21,0.0894,0.2128,2.381
S53+VP9,meridian_120s,ladder,480,650,h265/cpu,cpu,1,nominal,79.00,64.73,0.2901,0.6441,2.220
S53+VP9,meridian_120s,ladder,540,1600,h264/gpu_baseline,nvenc,1,nominal,79.00,56.61,0.0885,0.2119,2.396
S53+VP9,meridian_120s,ladder,540,1600,h264/cpu,cpu,1,nominal,79.00,64.35,0.1886,0.4201,2.228
S53+VP9,meridian_120s,ladder,540,800,av1/gpu_baseline,nvenc,1,nominal,79.00,57.30,0.0899,0.2139,2.379
S53+VP9,meridian_120s,ladder,540,800,av1/cpu,cpu,1,nominal,79.00,63.59,0.1943,0.4357,2.242
S53+VP9,meridian_120s,ladder,540,950,h265/gpu_baseline,nvenc,1,nominal,79.00,56.65,0.0885,0.2120,2.395
S53+VP9,meridian_120s,ladder,540,950,h265/cpu,cpu,1,nominal,79.00,65.46,0.3370,0.7437,2.207
S53+VP9,meridian_120s,ladder,720,1400,av1/gpu_baseline,nvenc,1,nominal,79.00,61.22,0.0965,0.2210,2.290
S53+VP9,meridian_120s,ladder,720,1400,av1/cpu,cpu,1,nominal,79.00,64.14,0.2494,0.5567,2.232
S53+VP9,meridian_120s,ladder,720,1700,h265/gpu_baseline,nvenc,1,nominal,79.00,60.14,0.0944,0.2184,2.314
S53+VP9,meridian_120s,ladder,720,1700,h265/cpu,cpu,1,nominal,79.00,66.94,0.4649,1.0135,2.180
S53+VP9,meridian_120s,ladder,720,2800,h264/gpu_baseline,nvenc,1,nominal,79.00,59.41,0.0932,0.2172,2.330
S53+VP9,meridian_120s,ladder,720,2800,h264/cpu,cpu,1,nominal,79.00,63.88,0.2437,0.5451,2.237
S53+VP9,meridian_120s,sweep,1080,1000,av1/gpu_baseline,nvenc,1,nominal,79.00,60.17,0.1259,0.2912,2.313
S53+VP9,meridian_120s,sweep,1080,1000,av1/gpu_tuned,nvenc,1,nominal,79.00,51.52,0.2490,0.6308,2.533
S53+VP9,meridian_120s,sweep,1080,1000,av1/cpu,cpu,1,nominal,79.00,66.50,0.3239,0.7086,2.188
S53+VP9,meridian_120s,sweep,1080,10000,h265/gpu_baseline,nvenc,1,row,79.67,55.62,0.1279,0.3112,2.432
S53+VP9,meridian_120s,sweep,1080,10000,h265/gpu_tuned,nvenc,1,row,78.75,47.24,0.3753,1.0009,2.667
S53+VP9,meridian_120s,sweep,1080,10000,h265/cpu,cpu,1,row,80.47,67.22,0.9523,2.0923,2.197
S53+VP9,meridian_120s,sweep,1080,11000,h264/gpu_baseline,nvenc,1,nominal,79.00,58.61,0.1194,0.2803,2.348
S53+VP9,meridian_120s,sweep,1080,11000,h264/gpu_tuned,nvenc,1,nominal,79.00,53.11,0.2242,0.5578,2.487
S53+VP9,meridian_120s,sweep,1080,11000,h264/cpu,cpu,1,nominal,79.00,67.68,0.4944,1.0716,2.167
S53+VP9,meridian_120s,sweep,1080,13000,h264/gpu_baseline,nvenc,1,row,78.40,56.05,0.1142,0.2739,2.399
S53+VP9,meridian_120s,sweep,1080,13000,h264/gpu_tuned,nvenc,1,row,76.85,52.21,0.2204,0.5449,2.472
S53+VP9,meridian_120s,sweep,1080,13000,h264/cpu,cpu,1,row,78.69,68.37,0.5185,1.1152,2.151
S53+VP9,meridian_120s,sweep,1080,1500,h265/gpu_baseline,nvenc,1,nominal,79.00,57.47,0.1303,0.3093,2.375
S53+VP9,meridian_120s,sweep,1080,1500,h265/gpu_tuned,nvenc,1,nominal,79.00,46.52,0.3683,0.9937,2.698
S53+VP9,meridian_120s,sweep,1080,1500,h265/cpu,cpu,1,nominal,79.00,70.75,0.6269,1.3270,2.117
S53+VP9,meridian_120s,sweep,1080,15000,h264/gpu_baseline,nvenc,1,row,79.10,56.14,0.1159,0.2792,2.409
S53+VP9,meridian_120s,sweep,1080,15000,h264/gpu_tuned,nvenc,1,row,78.77,55.28,0.2334,0.5660,2.425
S53+VP9,meridian_120s,sweep,1080,15000,h264/cpu,cpu,1,row,77.08,69.24,0.5482,1.1584,2.113
S53+VP9,meridian_120s,sweep,1080,1800,av1/gpu_baseline,nvenc,1,nominal,79.00,59.31,0.1241,0.2894,2.332
S53+VP9,meridian_120s,sweep,1080,1800,av1/gpu_tuned,nvenc,1,nominal,79.00,53.12,0.2577,0.6410,2.487
S53+VP9,meridian_120s,sweep,1080,1800,av1/cpu,cpu,1,nominal,79.00,66.97,0.3535,0.7704,2.180
S53+VP9,meridian_120s,sweep,1080,2500,h265/gpu_baseline,nvenc,1,nominal,79.00,56.58,0.1282,0.3073,2.396
S53+VP9,meridian_120s,sweep,1080,2500,h265/gpu_tuned,nvenc,1,nominal,79.00,47.87,0.3803,1.0079,2.650
S53+VP9,meridian_120s,sweep,1080,2500,h265/cpu,cpu,1,nominal,79.00,69.08,0.6659,1.4273,2.144
S53+VP9,meridian_120s,sweep,1080,2500,vp9/cpu,cpu,1,nominal,79.00,67.94,2.0948,4.5306,2.163
S53+VP9,meridian_120s,sweep,1080,2800,av1/gpu_baseline,nvenc,1,nominal,79.00,59.34,0.1225,0.2856,2.331
S53+VP9,meridian_120s,sweep,1080,2800,av1/gpu_tuned,nvenc,1,nominal,79.00,52.01,0.2523,0.6356,2.519
S53+VP9,meridian_120s,sweep,1080,2800,av1/cpu,cpu,1,nominal,79.00,69.04,0.3784,0.8115,2.144
S53+VP9,meridian_120s,sweep,1080,3000,h264/gpu_baseline,nvenc,1,nominal,79.00,53.37,0.1077,0.2672,2.480
S53+VP9,meridian_120s,sweep,1080,3000,h264/gpu_tuned,nvenc,1,nominal,79.00,48.46,0.2028,0.5334,2.630
S53+VP9,meridian_120s,sweep,1080,3000,h264/cpu,cpu,1,nominal,79.00,64.85,0.3327,0.7379,2.218
S53+VP9,meridian_120s,sweep,1080,3500,h265/gpu_baseline,nvenc,1,nominal,79.00,56.91,0.1296,0.3096,2.388
S53+VP9,meridian_120s,sweep,1080,3500,h265/gpu_tuned,nvenc,1,nominal,79.00,46.89,0.3725,1.0001,2.685
S53+VP9,meridian_120s,sweep,1080,3500,h265/cpu,cpu,1,nominal,79.00,70.52,0.7385,1.5658,2.120
S53+VP9,meridian_120s,sweep,1080,4000,av1/gpu_baseline,nvenc,1,nominal,79.00,61.58,0.1277,0.2916,2.283
S53+VP9,meridian_120s,sweep,1080,4000,av1/gpu_tuned,nvenc,1,nominal,79.00,52.98,0.2571,0.6403,2.491
S53+VP9,meridian_120s,sweep,1080,4000,av1/cpu,cpu,1,nominal,79.00,64.49,0.3672,0.8171,2.225
S53+VP9,meridian_120s,sweep,1080,4500,h264/gpu_baseline,nvenc,1,nominal,79.00,57.04,0.1151,0.2746,2.385
S53+VP9,meridian_120s,sweep,1080,4500,h264/gpu_tuned,nvenc,1,nominal,79.00,50.50,0.2123,0.5444,2.564
S53+VP9,meridian_120s,sweep,1080,4500,h264/cpu,cpu,1,nominal,79.00,67.24,0.3829,0.8328,2.175
S53+VP9,meridian_120s,sweep,1080,5000,h265/gpu_baseline,nvenc,1,nominal,79.00,59.25,0.1350,0.3149,2.333
S53+VP9,meridian_120s,sweep,1080,5000,h265/gpu_tuned,nvenc,1,nominal,79.00,49.57,0.3938,1.0214,2.594
S53+VP9,meridian_120s,sweep,1080,5000,h265/cpu,cpu,1,nominal,79.00,67.54,0.7767,1.6852,2.170
S53+VP9,meridian_120s,sweep,1080,5000,vp9/cpu,cpu,1,nominal,79.00,70.82,2.5495,5.3935,2.116
S53+VP9,meridian_120s,sweep,1080,6000,h264/gpu_baseline,nvenc,1,nominal,79.00,55.66,0.1124,0.2718,2.419
S53+VP9,meridian_120s,sweep,1080,6000,av1/gpu_baseline,nvenc,1,nominal,79.00,62.05,0.1287,0.2925,2.273
S53+VP9,meridian_120s,sweep,1080,6000,h264/gpu_tuned,nvenc,1,nominal,79.00,50.88,0.2129,0.5436,2.553
S53+VP9,meridian_120s,sweep,1080,6000,av1/gpu_tuned,nvenc,1,nominal,79.00,53.35,0.2598,0.6446,2.481
S53+VP9,meridian_120s,sweep,1080,6000,av1/cpu,cpu,1,nominal,79.00,64.74,0.3705,0.8225,2.220
S53+VP9,meridian_120s,sweep,1080,6000,h264/cpu,cpu,1,nominal,79.00,63.20,0.3897,0.8769,2.250
S53+VP9,meridian_120s,sweep,1080,7000,h265/gpu_baseline,nvenc,1,nominal,79.00,57.19,0.1303,0.3102,2.381
S53+VP9,meridian_120s,sweep,1080,7000,h265/gpu_tuned,nvenc,1,nominal,79.00,47.48,0.3772,1.0048,2.664
S53+VP9,meridian_120s,sweep,1080,7000,h265/cpu,cpu,1,nominal,79.00,66.19,0.8421,1.8471,2.194
S53+VP9,meridian_120s,sweep,1080,7500,av1/gpu_baseline,nvenc,1,row,79.44,58.76,0.1230,0.2892,2.352
S53+VP9,meridian_120s,sweep,1080,7500,av1/gpu_tuned,nvenc,1,row,80.33,51.68,0.2517,0.6429,2.554
S53+VP9,meridian_120s,sweep,1080,7500,av1/cpu,cpu,1,row,81.10,63.32,0.3764,0.8585,2.281
S53+VP9,meridian_120s,sweep,1080,8000,h264/gpu_baseline,nvenc,1,nominal,79.00,56.78,0.1151,0.2753,2.391
S53+VP9,meridian_120s,sweep,1080,8000,h264/gpu_tuned,nvenc,1,nominal,79.00,51.37,0.2159,0.5480,2.538
S53+VP9,meridian_120s,sweep,1080,8000,h264/cpu,cpu,1,nominal,79.00,69.66,0.4663,0.9952,2.134
S53+VP9,meridian_120s,sweep,1080,8500,h265/gpu_baseline,nvenc,1,row,78.29,62.91,0.1440,0.3232,2.244
S53+VP9,meridian_120s,sweep,1080,8500,h265/gpu_tuned,nvenc,1,row,79.16,47.10,0.3742,1.0031,2.681
S53+VP9,meridian_120s,sweep,1080,8500,h265/cpu,cpu,1,row,86.36,62.82,0.8446,2.0056,2.375
