set,source_artifact,clip,rung,height,target_kbps,cell,encoder_hw,delta_w_w,delta_t_s,content_s,w_base_w,w_base_source
S53+VP9,S53,meridian_120s,sweep,1080,3000,h264/cpu,cpu,64.85,27.7,90,79.0,nominal
S53+VP9,S53,meridian_120s,sweep,1080,3000,h264/gpu_baseline,nvenc,53.37,21.8,180,79.0,nominal
S53+VP9,S53,meridian_120s,sweep,1080,3000,h264/gpu_tuned,nvenc,48.46,22.6,90,79.0,nominal
S53+VP9,S53,meridian_120s,sweep,1080,4500,h264/cpu,cpu,67.24,20.5,60,79.0,nominal
S53+VP9,S53,meridian_120s,sweep,1080,4500,h264/gpu_baseline,nvenc,57.04,21.8,180,79.0,nominal
S53+VP9,S53,meridian_120s,sweep,1080,4500,h264/gpu_tuned,nvenc,50.5,22.7,90,79.0,nominal
S53+VP9,S53,meridian_120s,sweep,1080,6000,h264/cpu,cpu,63.2,22.2,60,79.0,nominal
S53+VP9,S53,meridian_120s,sweep,1080,6000,h264/gpu_baseline,nvenc,55.66,21.8,180,79.0,nominal
S53+VP9,S53,meridian_120s,sweep,1080,6000,h264/gpu_tuned,nvenc,50.88,22.6,90,79.0,nominal
S53+VP9,S53,meridian_120s,sweep,1080,8000,h264/cpu,cpu,69.66,24.1,60,79.0,nominal
S53+VP9,S53,meridian_120s,sweep,1080,8000,h264/gpu_baseline,nvenc,56.78,21.9,180,79.0,nominal
S53+VP9,S53,meridian_120s,sweep,1080,8000,h264/gpu_tuned,nvenc,51.37,22.7,90,79.0,nominal
S53+VP9,S53,meridian_120s,sweep,1080,11000,h264/cpu,cpu,67.68,26.3,60,79.0,nominal
S53+VP9,S53,meridian_120s,sweep,1080,11000,h264/gpu_baseline,nvenc,58.61,22.0,180,79.0,nominal
S53+VP9,S53,meridian_120s,sweep,1080,11000,h264/gpu_tuned,nvenc,53.11,22.8,90,79.0,nominal
S53+VP9,S53,meridian_120s,sweep,1080,1500,h265/cpu,cpu,70.75,31.9,60,79.0,nominal
S53+VP9,S53,meridian_120s,sweep,1080,1500,h265/gpu_baseline,nvenc,57.47,20.4,150,79.0,nominal
S53+VP9,S53,meridian_120s,sweep,1080,1500,h265/gpu_tuned,nvenc,46.52,28.5,60,79.0,nominal
S53+VP9,S53,meridian_120s,sweep,1080,2500,h265/cpu,cpu,69.08,34.7,60,79.0,nominal
S53+VP9,S53,meridian_120s,sweep,1080,2500,h265/gpu_baseline,nvenc,56.58,20.4,150,79.0,nominal
S53+VP9,S53,meridian_120s,sweep,1080,2500,h265/gpu_tuned,nvenc,47.87,28.6,60,79.0,nominal
S53+VP9,S53,meridian_120s,sweep,1080,3500,h265/cpu,cpu,70.52,37.7,60,79.0,nominal
S53+VP9,S53,meridian_120s,sweep,1080,3500,h265/gpu_baseline,nvenc,56.91,20.5,150,79.0,nominal
S53+VP9,S53,meridian_120s,sweep,1080,3500,h265/gpu_tuned,nvenc,46.89,28.6,60,79.0,nominal
S53+VP9,S53,meridian_120s,sweep,1080,5000,h265/cpu,cpu,67.54,20.7,30,79.0,nominal
S53+VP9,S53,meridian_120s,sweep,1080,5000,h265/gpu_baseline,nvenc,59.25,20.5,150,79.0,nominal
S53+VP9,S53,meridian_120s,sweep,1080,5000,h265/gpu_tuned,nvenc,49.57,28.6,60,79.0,nominal
S53+VP9,S53,meridian_120s,sweep,1080,7000,h265/cpu,cpu,66.19,22.9,30,79.0,nominal
S53+VP9,S53,meridian_120s,sweep,1080,7000,h265/gpu_baseline,nvenc,57.19,20.5,150,79.0,nominal
S53+VP9,S53,meridian_120s,sweep,1080,7000,h265/gpu_tuned,nvenc,47.48,28.6,60,79.0,nominal
S53+VP9,S53,meridian_120s,sweep,1080,1000,av1/cpu,cpu,66.5,26.3,90,79.0,nominal
S53+VP9,S53,meridian_120s,sweep,1080,1000,av1/gpu_baseline,nvenc,60.17,22.6,180,79.0,nominal
S53+VP9,S53,meridian_120s,sweep,1080,1000,av1/gpu_tuned,nvenc,51.52,26.1,90,79.0,nominal
S53+VP9,S53,meridian_120s,sweep,1080,1800,av1/cpu,cpu,66.97,28.5,90,79.0,nominal
S53+VP9,S53,meridian_120s,sweep,1080,1800,av1/gpu_baseline,nvenc,59.31,22.6,180,79.0,nominal
S53+VP9,S53,meridian_120s,sweep,1080,1800,av1/gpu_tuned,nvenc,53.12,26.2,90,79.0,nominal
S53+VP9,S53,meridian_120s,sweep,1080,2800,av1/cpu,cpu,69.04,29.6,90,79.0,nominal
S53+VP9,S53,meridian_120s,sweep,1080,2800,av1/gpu_baseline,nvenc,59.34,22.3,180,79.0,nominal
S53+VP9,S53,meridian_120s,sweep,1080,2800,av1/gpu_tuned,nvenc,52.01,26.2,90,79.0,nominal
S53+VP9,S53,meridian_120s,sweep,1080,4000,av1/cpu,cpu,64.49,20.5,60,79.0,nominal
S53+VP9,S53,meridian_120s,sweep,1080,4000,av1/gpu_baseline,nvenc,61.58,22.4,180,79.0,nominal
S53+VP9,S53,meridian_120s,sweep,1080,4000,av1/gpu_tuned,nvenc,52.98,26.2,90,79.0,nominal
S53+VP9,S53,meridian_120s,sweep,1080,6000,av1/cpu,cpu,64.74,20.6,60,79.0,nominal
S53+VP9,S53,meridian_120s,sweep,1080,6000,av1/gpu_baseline,nvenc,62.05,22.4,180,79.0,nominal
S53+VP9,S53,meridian_120s,sweep,1080,6000,av1/gpu_tuned,nvenc,53.35,26.3,90,79.0,nominal
S53+VP9,S53,bbb_120s,sweep,1080,3000,h264/cpu,cpu,68.99,23.8,90,79.0,nominal
S53+VP9,S53,bbb_120s,sweep,1080,3000,h264/gpu_baseline,nvenc,65.66,22.0,180,79.0,nominal
S53+VP9,S53,bbb_120s,sweep,1080,3000,h264/gpu_tuned,nvenc,52.66,22.1,90,79.0,nominal
S53+VP9,S53,bbb_120s,sweep,1080,4500,h264/cpu,cpu,68.78,24.8,90,79.0,nominal
S53+VP9,S53,bbb_120s,sweep,1080,4500,h264/gpu_baseline,nvenc,68.67,22.1,180,79.0,nominal
S53+VP9,S53,bbb_120s,sweep,1080,4500,h264/gpu_tuned,nvenc,52.5,22.2,90,79.0,nominal
S53+VP9,S53,bbb_120s,sweep,1080,6000,h264/cpu,cpu,70.34,25.7,90,79.0,nominal
S53+VP9,S53,bbb_120s,sweep,1080,6000,h264/gpu_baseline,nvenc,67.99,22.0,180,79.0,nominal
S53+VP9,S53,bbb_120s,sweep,1080,6000,h264/gpu_tuned,nvenc,54.84,22.2,90,79.0,nominal
S53+VP9,S53,bbb_120s,sweep,1080,8000,h264/cpu,cpu,70.97,26.8,90,79.0,nominal
S53+VP9,S53,bbb_120s,sweep,1080,8000,h264/gpu_baseline,nvenc,70.52,22.0,180,79.0,nominal
S53+VP9,S53,bbb_120s,sweep,1080,8000,h264/gpu_tuned,nvenc,53.42,22.2,90,79.0,nominal
S53+VP9,S53,bbb_120s,sweep,1080,11000,h264/cpu,cpu,70.13,28.0,90,79.0,nominal
S53+VP9,S53,bbb_120s,sweep,1080,11000,h264/gpu_baseline,nvenc,67.58,22.3,180,79.0,nominal
S53+VP9,S53,bbb_120s,sweep,1080,11000,h264/gpu_tuned,nvenc,53.49,22.5,90,79.0,nominal
S53+VP9,S53,bbb_120s,sweep,1080,1500,h265/cpu,cpu,69.61,29.5,60,79.0,nominal
S53+VP9,S53,bbb_120s,sweep,1080,1500,h265/gpu_baseline,nvenc,65.58,23.8,180,79.0,nominal
S53+VP9,S53,bbb_120s,sweep,1080,1500,h265/gpu_tuned,nvenc,49.18,29.0,60,79.0,nominal
S53+VP9,S53,bbb_120s,sweep,1080,2500,h265/cpu,cpu,71.01,31.5,60,79.0,nominal
S53+VP9,S53,bbb_120s,sweep,1080,2500,h265/gpu_baseline,nvenc,66.14,24.0,180,79.0,nominal
S53+VP9,S53,bbb_120s,sweep,1080,2500,h265/gpu_tuned,nvenc,48.3,28.9,60,79.0,nominal
S53+VP9,S53,bbb_120s,sweep,1080,3500,h265/cpu,cpu,69.36,33.7,60,79.0,nominal
S53+VP9,S53,bbb_120s,sweep,1080,3500,h265/gpu_baseline,nvenc,64.8,23.8,180,79.0,nominal
S53+VP9,S53,bbb_120s,sweep,1080,3500,h265/gpu_tuned,nvenc,46.99,28.9,60,79.0,nominal
S53+VP9,S53,bbb_120s,sweep,1080,5000,h265/cpu,cpu,69.28,36.3,60,79.0,nominal
S53+VP9,S53,bbb_120s,sweep,1080,5000,h265/gpu_baseline,nvenc,64.68,23.8,180,79.0,nominal
S53+VP9,S53,bbb_120s,sweep,1080,5000,h265/gpu_tuned,nvenc,47.54,28.9,60,79.0,nominal
S53+VP9,S53,bbb_120s,sweep,1080,7000,h265/cpu,cpu,70.68,39.7,60,79.0,nominal
S53+VP9,S53,bbb_120s,sweep,1080,7000,h265/gpu_baseline,nvenc,65.75,20.0,150,79.0,nominal
S53+VP9,S53,bbb_120s,sweep,1080,7000,h265/gpu_tuned,nvenc,48.06,28.9,60,79.0,nominal
S53+VP9,S53,bbb_120s,sweep,1080,1000,av1/cpu,cpu,65.6,20.4,60,79.0,nominal
S53+VP9,S53,bbb_120s,sweep,1080,1000,av1/gpu_baseline,nvenc,68.8,21.9,180,79.0,nominal
S53+VP9,S53,bbb_120s,sweep,1080,1000,av1/gpu_tuned,nvenc,55.02,26.2,90,79.0,nominal
S53+VP9,S53,bbb_120s,sweep,1080,1800,av1/cpu,cpu,64.75,21.7,60,79.0,nominal
S53+VP9,S53,bbb_120s,sweep,1080,1800,av1/gpu_baseline,nvenc,45.33,21.7,180,79.0,nominal
S53+VP9,S53,bbb_120s,sweep,1080,1800,av1/gpu_tuned,nvenc,53.04,26.2,90,79.0,nominal
S53+VP9,S53,bbb_120s,sweep,1080,2800,av1/cpu,cpu,68.11,24.2,60,79.0,nominal
S53+VP9,S53,bbb_120s,sweep,1080,2800,av1/gpu_baseline,nvenc,70.71,21.8,180,79.0,nominal
S53+VP9,S53,bbb_120s,sweep,1080,2800,av1/gpu_tuned,nvenc,55.39,26.3,90,79.0,nominal
S53+VP9,S53,bbb_120s,sweep,1080,4000,av1/cpu,cpu,66.84,21.7,60,79.0,nominal
S53+VP9,S53,bbb_120s,sweep,1080,4000,av1/gpu_baseline,nvenc,68.79,21.8,180,79.0,nominal
S53+VP9,S53,bbb_120s,sweep,1080,4000,av1/gpu_tuned,nvenc,51.91,26.3,90,79.0,nominal
S53+VP9,S53,bbb_120s,sweep,1080,6000,av1/cpu,cpu,66.16,26.1,60,79.0,nominal
S53+VP9,S53,bbb_120s,sweep,1080,6000,av1/gpu_baseline,nvenc,69.1,21.8,180,79.0,nominal
S53+VP9,S53,bbb_120s,sweep,1080,6000,av1/gpu_tuned,nvenc,53.5,26.3,90,79.0,nominal
S53+VP9,S53,kranjska_120s,sweep,1080,4000,h264/cpu,cpu,68.07,21.8,120,79.0,nominal
S53+VP9,S53,kranjska_120s,sweep,1080,4000,h264/gpu_baseline,nvenc,64.35,20.3,330,79.0,nominal
S53+VP9,S53,kranjska_120s,sweep,1080,4000,h264/gpu_tuned,nvenc,48.88,22.8,180,79.0,nominal
S53+VP9,S53,kranjska_120s,sweep,1080,8000,h264/cpu,cpu,70.12,24.8,120,79.0,nominal
S53+VP9,S53,kranjska_120s,sweep,1080,8000,h264/gpu_baseline,nvenc,64.85,20.3,330,79.0,nominal
S53+VP9,S53,kranjska_120s,sweep,1080,8000,h264/gpu_tuned,nvenc,50.15,23.0,180,79.0,nominal
S53+VP9,S53,kranjska_120s,sweep,1080,12000,h264/cpu,cpu,66.45,20.1,90,79.0,nominal
S53+VP9,S53,kranjska_120s,sweep,1080,12000,h264/gpu_baseline,nvenc,63.82,20.5,330,79.0,nominal
S53+VP9,S53,kranjska_120s,sweep,1080,12000,h264/gpu_tuned,nvenc,49.7,23.1,180,79.0,nominal
S53+VP9,S53,kranjska_120s,sweep,1080,16000,h264/cpu,cpu,66.49,21.4,90,79.0,nominal
S53+VP9,S53,kranjska_120s,sweep,1080,16000,h264/gpu_baseline,nvenc,65.2,20.6,330,79.0,nominal
S53+VP9,S53,kranjska_120s,sweep,1080,16000,h264/gpu_tuned,nvenc,49.23,23.2,180,79.0,nominal
S53+VP9,S53,kranjska_120s,sweep,1080,20000,h264/cpu,cpu,65.35,22.3,90,79.0,nominal
S53+VP9,S53,kranjska_120s,sweep,1080,20000,h264/gpu_baseline,nvenc,63.64,20.7,330,79.0,nominal
S53+VP9,S53,kranjska_120s,sweep,1080,20000,h264/gpu_tuned,nvenc,50.21,23.3,180,79.0,nominal
S53+VP9,S53,kranjska_120s,sweep,1080,2500,h265/cpu,cpu,67.57,24.1,60,79.0,nominal
S53+VP9,S53,kranjska_120s,sweep,1080,2500,h265/gpu_baseline,nvenc,67.91,20.2,330,79.0,nominal
S53+VP9,S53,kranjska_120s,sweep,1080,2500,h265/gpu_tuned,nvenc,45.46,24.3,120,79.0,nominal
S53+VP9,S53,kranjska_120s,sweep,1080,5000,h265/cpu,cpu,67.77,30.4,60,79.0,nominal
S53+VP9,S53,kranjska_120s,sweep,1080,5000,h265/gpu_baseline,nvenc,65.93,20.0,330,79.0,nominal
S53+VP9,S53,kranjska_120s,sweep,1080,5000,h265/gpu_tuned,nvenc,45.6,24.3,120,79.0,nominal
S53+VP9,S53,kranjska_120s,sweep,1080,7500,h265/cpu,cpu,70.95,34.4,60,79.0,nominal
S53+VP9,S53,kranjska_120s,sweep,1080,7500,h265/gpu_baseline,nvenc,63.41,20.1,330,79.0,nominal
S53+VP9,S53,kranjska_120s,sweep,1080,7500,h265/gpu_tuned,nvenc,44.16,24.3,120,79.0,nominal
S53+VP9,S53,kranjska_120s,sweep,1080,10000,h265/cpu,cpu,71.32,37.8,60,79.0,nominal
S53+VP9,S53,kranjska_120s,sweep,1080,10000,h265/gpu_baseline,nvenc,66.64,20.3,330,79.0,nominal
S53+VP9,S53,kranjska_120s,sweep,1080,10000,h265/gpu_tuned,nvenc,46.17,24.3,120,79.0,nominal
S53+VP9,S53,kranjska_120s,sweep,1080,13000,h265/cpu,cpu,66.19,20.8,30,79.0,nominal
S53+VP9,S53,kranjska_120s,sweep,1080,13000,h265/gpu_baseline,nvenc,67.38,20.3,330,79.0,nominal
S53+VP9,S53,kranjska_120s,sweep,1080,13000,h265/gpu_tuned,nvenc,46.11,24.5,120,79.0,nominal
S53+VP9,S53,kranjska_120s,sweep,1080,2000,av1/cpu,cpu,66.7,20.2,120,79.0,nominal
S53+VP9,S53,kranjska_120s,sweep,1080,2000,av1/gpu_baseline,nvenc,68.93,20.2,330,79.0,nominal
S53+VP9,S53,kranjska_120s,sweep,1080,2000,av1/gpu_tuned,nvenc,49.76,20.4,150,79.0,nominal
S53+VP9,S53,kranjska_120s,sweep,1080,4000,av1/cpu,cpu,67.33,22.2,120,79.0,nominal
S53+VP9,S53,kranjska_120s,sweep,1080,4000,av1/gpu_baseline,nvenc,66.91,20.1,330,79.0,nominal
S53+VP9,S53,kranjska_120s,sweep,1080,4000,av1/gpu_tuned,nvenc,49.71,20.4,150,79.0,nominal
S53+VP9,S53,kranjska_120s,sweep,1080,6000,av1/cpu,cpu,67.31,22.3,120,79.0,nominal
S53+VP9,S53,kranjska_120s,sweep,1080,6000,av1/gpu_baseline,nvenc,68.9,20.2,330,79.0,nominal
S53+VP9,S53,kranjska_120s,sweep,1080,6000,av1/gpu_tuned,nvenc,50.61,20.5,150,79.0,nominal
S53+VP9,S53,kranjska_120s,sweep,1080,8000,av1/cpu,cpu,65.44,22.5,120,79.0,nominal
S53+VP9,S53,kranjska_120s,sweep,1080,8000,av1/gpu_baseline,nvenc,64.52,20.6,330,79.0,nominal
S53+VP9,S53,kranjska_120s,sweep,1080,8000,av1/gpu_tuned,nvenc,51.82,20.4,150,79.0,nominal
S53+VP9,S53,kranjska_120s,sweep,1080,11000,av1/cpu,cpu,65.86,23.3,120,79.0,nominal
S53+VP9,S53,kranjska_120s,sweep,1080,11000,av1/gpu_baseline,nvenc,66.52,20.3,330,79.0,nominal
S53+VP9,S53,kranjska_120s,sweep,1080,11000,av1/gpu_tuned,nvenc,48.12,20.5,150,79.0,nominal
S53+VP9,S53,meridian_120s,ladder,720,2800,h264/cpu,cpu,63.88,20.6,90,79.0,nominal
S53+VP9,S53,meridian_120s,ladder,720,2800,h264/gpu_baseline,nvenc,59.41,22.6,240,79.0,nominal
S53+VP9,S53,meridian_120s,ladder,540,1600,h264/cpu,cpu,64.35,21.1,120,79.0,nominal
S53+VP9,S53,meridian_120s,ladder,540,1600,h264/gpu_baseline,nvenc,56.61,22.5,240,79.0,nominal
S53+VP9,S53,meridian_120s,ladder,480,1100,h264/cpu,cpu,63.64,24.0,150,79.0,nominal
S53+VP9,S53,meridian_120s,ladder,480,1100,h264/gpu_baseline,nvenc,55.3,22.7,240,79.0,nominal
S53+VP9,S53,meridian_120s,ladder,360,800,h264/cpu,cpu,62.31,20.8,150,79.0,nominal
S53+VP9,S53,meridian_120s,ladder,360,800,h264/gpu_baseline,nvenc,55.05,22.5,240,79.0,nominal
S53+VP9,S53,meridian_120s,ladder,720,1700,h265/cpu,cpu,66.94,25.0,60,79.0,nominal
S53+VP9,S53,meridian_120s,ladder,720,1700,h265/gpu_baseline,nvenc,60.14,22.6,240,79.0,nominal
S53+VP9,S53,meridian_120s,ladder,540,950,h265/cpu,cpu,65.46,27.8,90,79.0,nominal
S53+VP9,S53,meridian_120s,ladder,540,950,h265/gpu_baseline,nvenc,56.65,22.5,240,79.0,nominal
S53+VP9,S53,meridian_120s,ladder,480,650,h265/cpu,cpu,64.73,24.2,90,79.0,nominal
S53+VP9,S53,meridian_120s,ladder,480,650,h265/gpu_baseline,nvenc,57.21,22.5,240,79.0,nominal
S53+VP9,S53,meridian_120s,ladder,360,500,h265/cpu,cpu,65.61,26.2,120,79.0,nominal
S53+VP9,S53,meridian_120s,ladder,360,500,h265/gpu_baseline,nvenc,56.1,22.5,240,79.0,nominal
S53+VP9,S53,meridian_120s,ladder,720,1400,av1/cpu,cpu,64.14,21.0,90,79.0,nominal
S53+VP9,S53,meridian_120s,ladder,720,1400,av1/gpu_baseline,nvenc,61.22,22.7,240,79.0,nominal
S53+VP9,S53,meridian_120s,ladder,540,800,av1/cpu,cpu,63.59,22.0,120,79.0,nominal
S53+VP9,S53,meridian_120s,ladder,540,800,av1/gpu_baseline,nvenc,57.3,22.6,240,79.0,nominal
S53+VP9,S53,meridian_120s,ladder,480,550,av1/cpu,cpu,63.06,20.6,120,79.0,nominal
S53+VP9,S53,meridian_120s,ladder,480,550,av1/gpu_baseline,nvenc,59.17,22.5,240,79.0,nominal
S53+VP9,S53,meridian_120s,ladder,360,400,av1/cpu,cpu,62.29,22.9,150,79.0,nominal
S53+VP9,S53,meridian_120s,ladder,360,400,av1/gpu_baseline,nvenc,55.87,22.6,240,79.0,nominal
S53+VP9,S53,bbb_120s,ladder,720,2800,h264/cpu,cpu,71.0,23.2,120,79.0,nominal
S53+VP9,S53,bbb_120s,ladder,720,2800,h264/gpu_baseline,nvenc,78.35,20.6,210,79.0,nominal
S53+VP9,S53,bbb_120s,ladder,540,1600,h264/cpu,cpu,70.44,22.7,150,79.0,nominal
S53+VP9,S53,bbb_120s,ladder,540,1600,h264/gpu_baseline,nvenc,77.16,20.5,210,79.0,nominal
S53+VP9,S53,bbb_120s,ladder,480,1100,h264/cpu,cpu,68.39,21.3,150,79.0,nominal
S53+VP9,S53,bbb_120s,ladder,480,1100,h264/gpu_baseline,nvenc,76.95,20.5,210,79.0,nominal
S53+VP9,S53,bbb_120s,ladder,360,800,h264/cpu,cpu,69.33,22.7,180,79.0,nominal
S53+VP9,S53,bbb_120s,ladder,360,800,h264/gpu_baseline,nvenc,77.98,20.3,210,79.0,nominal
S53+VP9,S53,bbb_120s,ladder,720,1700,h265/cpu,cpu,67.42,22.5,60,79.0,nominal
S53+VP9,S53,bbb_120s,ladder,720,1700,h265/gpu_baseline,nvenc,79.27,20.5,210,79.0,nominal
S53+VP9,S53,bbb_120s,ladder,540,950,h265/cpu,cpu,69.16,25.7,90,79.0,nominal
S53+VP9,S53,bbb_120s,ladder,540,950,h265/gpu_baseline,nvenc,75.89,20.4,210,79.0,nominal
S53+VP9,S53,bbb_120s,ladder,480,650,h265/cpu,cpu,67.85,22.2,90,79.0,nominal
S53+VP9,S53,bbb_120s,ladder,480,650,h265/gpu_baseline,nvenc,76.9,20.2,210,79.0,nominal
S53+VP9,S53,bbb_120s,ladder,360,500,h265/cpu,cpu,67.5,24.5,120,79.0,nominal
S53+VP9,S53,bbb_120s,ladder,360,500,h265/gpu_baseline,nvenc,73.16,20.4,210,79.0,nominal
S53+VP9,S53,bbb_120s,ladder,720,1400,av1/cpu,cpu,66.89,25.2,90,79.0,nominal
S53+VP9,S53,bbb_120s,ladder,720,1400,av1/gpu_baseline,nvenc,79.82,20.6,210,79.0,nominal
S53+VP9,S53,bbb_120s,ladder,540,800,av1/cpu,cpu,70.38,25.5,120,79.0,nominal
S53+VP9,S53,bbb_120s,ladder,540,800,av1/gpu_baseline,nvenc,75.09,20.5,210,79.0,nominal
S53+VP9,S53,bbb_120s,ladder,480,550,av1/cpu,cpu,67.25,22.9,120,79.0,nominal
S53+VP9,S53,bbb_120s,ladder,480,550,av1/gpu_baseline,nvenc,78.28,20.4,210,79.0,nominal
S53+VP9,S53,bbb_120s,ladder,360,400,av1/cpu,cpu,67.91,22.9,150,79.0,nominal
S53+VP9,S53,bbb_120s,ladder,360,400,av1/gpu_baseline,nvenc,73.79,20.3,210,79.0,nominal
S53+VP9,S53,kranjska_120s,ladder,720,2800,h264/cpu,cpu,66.58,20.9,180,79.0,nominal
S53+VP9,S53,kranjska_120s,ladder,720,2800,h264/gpu_baseline,nvenc,66.48,21.4,390,79.0,nominal
S53+VP9,S53,kranjska_120s,ladder,540,1600,h264/cpu,cpu,67.32,22.1,240,79.0,nominal
S53+VP9,S53,kranjska_120s,ladder,540,1600,h264/gpu_baseline,nvenc,62.79,21.3,390,79.0,nominal
S53+VP9,S53,kranjska_120s,ladder,480,1100,h264/cpu,cpu,66.76,20.2,240,79.0,nominal
S53+VP9,S53,kranjska_120s,ladder,480,1100,h264/gpu_baseline,nvenc,63.37,21.5,390,79.0,nominal
S53+VP9,S53,kranjska_120s,ladder,360,800,h264/cpu,cpu,65.47,20.8,270,79.0,nominal
S53+VP9,S53,kranjska_120s,ladder,360,800,h264/gpu_baseline,nvenc,64.54,21.5,390,79.0,nominal
S53+VP9,S53,kranjska_120s,ladder,720,1700,h265/cpu,cpu,67.77,26.4,90,79.0,nominal
S53+VP9,S53,kranjska_120s,ladder,720,1700,h265/gpu_baseline,nvenc,69.78,21.4,390,79.0,nominal
S53+VP9,S53,kranjska_120s,ladder,540,950,h265/cpu,cpu,65.84,26.5,120,79.0,nominal
S53+VP9,S53,kranjska_120s,ladder,540,950,h265/gpu_baseline,nvenc,63.54,21.6,390,79.0,nominal
S53+VP9,S53,kranjska_120s,ladder,480,650,h265/cpu,cpu,65.34,22.3,120,79.0,nominal
S53+VP9,S53,kranjska_120s,ladder,480,650,h265/gpu_baseline,nvenc,62.87,21.4,390,79.0,nominal
S53+VP9,S53,kranjska_120s,ladder,360,500,h265/cpu,cpu,65.32,23.6,150,79.0,nominal
S53+VP9,S53,kranjska_120s,ladder,360,500,h265/gpu_baseline,nvenc,62.84,21.2,390,79.0,nominal
S53+VP9,S53,kranjska_120s,ladder,720,1400,av1/cpu,cpu,65.44,22.0,180,79.0,nominal
S53+VP9,S53,kranjska_120s,ladder,720,1400,av1/gpu_baseline,nvenc,69.82,21.6,390,79.0,nominal
S53+VP9,S53,kranjska_120s,ladder,540,800,av1/cpu,cpu,64.05,20.0,180,79.0,nominal
S53+VP9,S53,kranjska_120s,ladder,540,800,av1/gpu_baseline,nvenc,63.86,21.4,390,79.0,nominal
S53+VP9,S53,kranjska_120s,ladder,480,550,av1/cpu,cpu,66.84,21.2,210,79.0,nominal
S53+VP9,S53,kranjska_120s,ladder,480,550,av1/gpu_baseline,nvenc,65.48,21.5,390,79.0,nominal
S53+VP9,S53,kranjska_120s,ladder,360,400,av1/cpu,cpu,65.01,21.0,240,79.0,nominal
S53+VP9,S53,kranjska_120s,ladder,360,400,av1/gpu_baseline,nvenc,64.55,21.4,390,79.0,nominal
S53+VP9,S53,meridian_120s,sweep,1080,13000,h264/cpu,cpu,68.37,27.3,60,78.69,row
S53+VP9,S53,meridian_120s,sweep,1080,13000,h264/gpu_baseline,nvenc,56.05,22.0,180,78.4,row
S53+VP9,S53,meridian_120s,sweep,1080,13000,h264/gpu_tuned,nvenc,52.21,22.8,90,76.85,row
S53+VP9,S53,meridian_120s,sweep,1080,15000,h264/cpu,cpu,69.24,28.5,60,77.08,row
S53+VP9,S53,meridian_120s,sweep,1080,15000,h264/gpu_baseline,nvenc,56.14,22.3,180,79.1,row
S53+VP9,S53,meridian_120s,sweep,1080,15000,h264/gpu_tuned,nvenc,55.28,22.8,90,78.77,row
S53+VP9,S53,meridian_120s,sweep,1080,8500,h265/cpu,cpu,62.82,24.2,30,86.36,row
S53+VP9,S53,meridian_120s,sweep,1080,8500,h265/gpu_baseline,nvenc,62.91,20.6,150,78.29,row
S53+VP9,S53,meridian_120s,sweep,1080,8500,h265/gpu_tuned,nvenc,47.1,28.6,60,79.16,row
S53+VP9,S53,meridian_120s,sweep,1080,10000,h265/cpu,cpu,67.22,25.5,30,80.47,row
S53+VP9,S53,meridian_120s,sweep,1080,10000,h265/gpu_baseline,nvenc,55.62,20.7,150,79.67,row
S53+VP9,S53,meridian_120s,sweep,1080,10000,h265/gpu_tuned,nvenc,47.24,28.6,60,78.75,row
S53+VP9,S53,meridian_120s,sweep,1080,7500,av1/cpu,cpu,63.32,21.4,60,81.1,row
S53+VP9,S53,meridian_120s,sweep,1080,7500,av1/gpu_baseline,nvenc,58.76,22.6,180,79.44,row
S53+VP9,S53,meridian_120s,sweep,1080,7500,av1/gpu_tuned,nvenc,51.68,26.3,90,80.33,row
S53+VP9,S53,bbb_120s,sweep,1080,13000,h264/cpu,cpu,72.17,29.1,90,79.7,row
S53+VP9,S53,bbb_120s,sweep,1080,13000,h264/gpu_baseline,nvenc,68.87,22.3,180,80.75,row
S53+VP9,S53,bbb_120s,sweep,1080,13000,h264/gpu_tuned,nvenc,53.21,22.4,90,80.22,row
S53+VP9,S53,bbb_120s,sweep,1080,15000,h264/cpu,cpu,70.93,29.7,90,79.76,row
S53+VP9,S53,bbb_120s,sweep,1080,15000,h264/gpu_baseline,nvenc,66.53,22.2,180,80.01,row
S53+VP9,S53,bbb_120s,sweep,1080,15000,h264/gpu_tuned,nvenc,52.17,22.3,90,78.68,row
S53+VP9,S53,bbb_120s,sweep,1080,8500,h265/cpu,cpu,67.59,21.3,30,77.55,row
S53+VP9,S53,bbb_120s,sweep,1080,8500,h265/gpu_baseline,nvenc,63.58,20.0,150,78.19,row
S53+VP9,S53,bbb_120s,sweep,1080,8500,h265/gpu_tuned,nvenc,47.88,29.1,60,78.91,row
S53+VP9,S53,bbb_120s,sweep,1080,10000,h265/cpu,cpu,67.73,22.3,30,77.98,row
S53+VP9,S53,bbb_120s,sweep,1080,10000,h265/gpu_baseline,nvenc,67.14,24.0,180,78.83,row
S53+VP9,S53,bbb_120s,sweep,1080,10000,h265/gpu_tuned,nvenc,46.15,29.1,60,79.57,row
S53+VP9,S53,bbb_120s,sweep,1080,7500,av1/cpu,cpu,68.35,26.8,60,77.78,row
S53+VP9,S53,bbb_120s,sweep,1080,7500,av1/gpu_baseline,nvenc,72.35,21.8,180,79.18,row
S53+VP9,S53,bbb_120s,sweep,1080,7500,av1/gpu_tuned,nvenc,53.85,26.4,90,78.36,row
S53+VP9,S53,kranjska_120s,sweep,1080,13000,av1/cpu,cpu,38.27,23.9,120,103.6,row
S53+VP9,S53,kranjska_120s,sweep,1080,13000,av1/gpu_baseline,nvenc,71.65,20.6,330,78.85,row
S53+VP9,S53,kranjska_120s,sweep,1080,13000,av1/gpu_tuned,nvenc,50.48,20.5,150,79.39,row
S53+VP9,VP9,meridian_120s,sweep,1080,2500,vp9/cpu,cpu,67.94,55.5,30,79.0,nominal
S53+VP9,VP9,meridian_120s,sweep,1080,5000,vp9/cpu,cpu,70.82,64.8,30,79.0,nominal
S53+VP9,VP9,bbb_120s,sweep,1080,2500,vp9/cpu,cpu,68.6,45.0,30,79.0,nominal
S53+VP9,VP9,bbb_120s,sweep,1080,5000,vp9/cpu,cpu,69.1,50.2,30,79.0,nominal
C17,C17,bbb_120s,sweep,1080,2500,x264/default,cpu,68.22,23.6,90,80.66,row
C17,C17,bbb_120s,sweep,1080,2500,x264/slow,cpu,69.55,28.7,90,80.82,row
C17,C17,bbb_120s,sweep,1080,5000,x264/default,cpu,69.01,25.4,90,78.91,row
C17,C17,bbb_120s,sweep,1080,5000,x264/slow,cpu,69.33,22.3,60,80.25,row
C17,C17,bbb_120s,sweep,1080,2500,x265/default,cpu,68.77,31.9,60,80.5,row
C17,C17,bbb_120s,sweep,1080,2500,x265/slow,cpu,68.66,34.6,30,81.33,row
C17,C17,bbb_120s,sweep,1080,5000,x265/default,cpu,70.46,36.6,60,79.91,row
C17,C17,bbb_120s,sweep,1080,5000,x265/slow,cpu,68.76,40.7,30,80.93,row
C17,C17,bbb_120s,sweep,1080,2500,svtav1/default,cpu,67.52,25.4,60,79.74,row
C17,C17,bbb_120s,sweep,1080,2500,svtav1/slow,cpu,71.44,89.8,30,80.13,row
C17,C17,bbb_120s,sweep,1080,5000,svtav1/default,cpu,65.74,25.1,60,80.93,row
C17,C17,bbb_120s,sweep,1080,5000,svtav1/slow,cpu,71.8,94.5,30,80.08,row
C17,C17,bbb_120s,sweep,1080,2500,vp9/default,cpu,67.98,35.7,30,81.02,row
C17,C17,bbb_120s,sweep,1080,2500,vp9/slow,cpu,68.94,45.5,30,81.33,row
C17,C17,bbb_120s,sweep,1080,2500,vp9/slower,cpu,69.81,58.4,30,80.67,row
C17,C17,bbb_120s,sweep,1080,5000,vp9/default,cpu,69.82,38.5,30,79.92,row
C17,C17,bbb_120s,sweep,1080,5000,vp9/slow,cpu,70.42,50.1,30,79.66,row
C17,C17,bbb_120s,sweep,1080,5000,vp9/slower,cpu,71.37,64.0,30,78.79,row
C17,C17,meridian_120s,sweep,1080,2500,x264/default,cpu,67.58,27.2,90,80.61,row
C17,C17,meridian_120s,sweep,1080,2500,x264/slow,cpu,66.23,22.3,60,79.62,row
C17,C17,meridian_120s,sweep,1080,5000,x264/default,cpu,65.36,21.7,60,80.45,row
C17,C17,meridian_120s,sweep,1080,5000,x264/slow,cpu,69.76,28.8,60,79.48,row
C17,C17,meridian_120s,sweep,1080,2500,x265/default,cpu,68.17,35.0,60,79.8,row
C17,C17,meridian_120s,sweep,1080,2500,x265/slow,cpu,70.22,43.5,30,79.58,row
C17,C17,meridian_120s,sweep,1080,5000,x265/default,cpu,65.37,21.0,30,80.33,row
C17,C17,meridian_120s,sweep,1080,5000,x265/slow,cpu,72.09,53.1,30,79.27,row
C17,C17,meridian_120s,sweep,1080,2500,svtav1/default,cpu,65.83,29.6,90,80.33,row
C17,C17,meridian_120s,sweep,1080,2500,svtav1/slow,cpu,73.22,114.7,30,79.33,row
C17,C17,meridian_120s,sweep,1080,5000,svtav1/default,cpu,65.13,21.1,60,78.77,row
C17,C17,meridian_120s,sweep,1080,5000,svtav1/slow,cpu,73.27,141.1,30,79.47,row
C17,C17,meridian_120s,sweep,1080,2500,vp9/default,cpu,69.22,43.8,30,80.4,row
C17,C17,meridian_120s,sweep,1080,2500,vp9/slow,cpu,70.34,55.9,30,80.41,row
C17,C17,meridian_120s,sweep,1080,2500,vp9/slower,cpu,70.85,62.8,30,79.72,row
C17,C17,meridian_120s,sweep,1080,5000,vp9/default,cpu,69.27,50.5,30,79.94,row
C17,C17,meridian_120s,sweep,1080,5000,vp9/slow,cpu,71.21,65.4,30,79.9,row
C17,C17,meridian_120s,sweep,1080,5000,vp9/slower,cpu,70.92,75.1,30,80.04,row
C17,C17,bbb_120s,sweep,1080,2500,x264/default,cpu,69.52,23.6,90,80.2,row
C17,C17,bbb_120s,sweep,1080,2500,x264/slow,cpu,70.77,28.8,90,79.11,row
C17,C17,bbb_120s,sweep,1080,5000,x264/default,cpu,70.55,25.6,90,78.47,row
C17,C17,bbb_120s,sweep,1080,5000,x264/slow,cpu,68.67,22.4,60,79.38,row
C17,C17,bbb_120s,sweep,1080,2500,x265/default,cpu,70.25,31.9,60,79.56,row
C17,C17,bbb_120s,sweep,1080,2500,x265/slow,cpu,70.73,34.4,30,79.99,row
C17,C17,bbb_120s,sweep,1080,5000,x265/default,cpu,71.65,36.7,60,78.9,row
C17,C17,bbb_120s,sweep,1080,5000,x265/slow,cpu,70.41,40.8,30,78.95,row
C17,C17,bbb_120s,sweep,1080,2500,svtav1/default,cpu,67.68,25.2,60,84.11,row
C17,C17,bbb_120s,sweep,1080,2500,svtav1/slow,cpu,73.12,96.9,30,79.22,row
C17,C17,bbb_120s,sweep,1080,5000,svtav1/default,cpu,66.28,25.7,60,79.61,row
C17,C17,bbb_120s,sweep,1080,5000,svtav1/slow,cpu,72.72,95.2,30,78.91,row
C17,C17,bbb_120s,sweep,1080,2500,vp9/default,cpu,68.64,36.9,30,80.73,row
C17,C17,bbb_120s,sweep,1080,2500,vp9/slow,cpu,70.86,45.3,30,79.13,row
C17,C17,bbb_120s,sweep,1080,2500,vp9/slower,cpu,71.08,58.3,30,79.01,row
C17,C17,bbb_120s,sweep,1080,5000,vp9/default,cpu,70.43,38.8,30,78.27,row
C17,C17,bbb_120s,sweep,1080,5000,vp9/slow,cpu,70.89,50.3,30,79.3,row
C17,C17,bbb_120s,sweep,1080,5000,vp9/slower,cpu,70.9,64.4,30,79.3,row
C17,C17,meridian_120s,sweep,1080,2500,x264/default,cpu,67.66,27.2,90,80.25,row
C17,C17,meridian_120s,sweep,1080,2500,x264/slow,cpu,65.02,22.3,60,81.58,row
C17,C17,meridian_120s,sweep,1080,5000,x264/default,cpu,65.44,21.4,60,81.87,row
C17,C17,meridian_120s,sweep,1080,5000,x264/slow,cpu,67.61,28.8,60,79.63,row
C17,C17,meridian_120s,sweep,1080,2500,x265/default,cpu,67.99,35.0,60,80.85,row
C17,C17,meridian_120s,sweep,1080,2500,x265/slow,cpu,69.16,43.3,30,80.59,row
C17,C17,meridian_120s,sweep,1080,5000,x265/default,cpu,65.71,21.0,30,81.13,row
C17,C17,meridian_120s,sweep,1080,5000,x265/slow,cpu,69.97,53.2,30,80.53,row
C17,C17,meridian_120s,sweep,1080,2500,svtav1/default,cpu,63.99,29.5,90,81.12,row
C17,C17,meridian_120s,sweep,1080,2500,svtav1/slow,cpu,71.99,114.5,30,80.58,row
C17,C17,meridian_120s,sweep,1080,5000,svtav1/default,cpu,64.14,21.1,60,80.5,row
C17,C17,meridian_120s,sweep,1080,5000,svtav1/slow,cpu,72.26,137.4,30,81.03,row
C17,C17,meridian_120s,sweep,1080,2500,vp9/default,cpu,67.43,43.6,30,82.43,row
C17,C17,meridian_120s,sweep,1080,2500,vp9/slow,cpu,52.16,55.7,30,98.68,row
C17,C17,meridian_120s,sweep,1080,2500,vp9/slower,cpu,69.53,62.9,30,81.04,row
C17,C17,meridian_120s,sweep,1080,5000,vp9/default,cpu,70.1,50.4,30,79.17,row
C17,C17,meridian_120s,sweep,1080,5000,vp9/slow,cpu,71.2,65.3,30,79.11,row
C17,C17,meridian_120s,sweep,1080,5000,vp9/slower,cpu,70.57,75.1,30,80.45,row
C17,C17,bbb_120s,sweep,1080,2500,x264/default,cpu,69.01,23.7,90,79.46,row
C17,C17,bbb_120s,sweep,1080,2500,x264/slow,cpu,70.72,28.8,90,80.23,row
C17,C17,bbb_120s,sweep,1080,5000,x264/default,cpu,70.18,25.5,90,79.92,row
C17,C17,bbb_120s,sweep,1080,5000,x264/slow,cpu,68.03,22.4,60,80.6,row
C17,C17,bbb_120s,sweep,1080,2500,x265/default,cpu,70.32,31.9,60,80.39,row
C17,C17,bbb_120s,sweep,1080,2500,x265/slow,cpu,68.5,34.5,30,82.11,row
C17,C17,bbb_120s,sweep,1080,5000,x265/default,cpu,69.4,36.7,60,81.0,row
C17,C17,bbb_120s,sweep,1080,5000,x265/slow,cpu,71.54,40.8,30,80.04,row
C17,C17,bbb_120s,sweep,1080,2500,svtav1/default,cpu,68.21,26.1,60,80.17,row
C17,C17,bbb_120s,sweep,1080,2500,svtav1/slow,cpu,72.38,92.8,30,79.56,row
C17,C17,bbb_120s,sweep,1080,5000,svtav1/default,cpu,64.74,25.3,60,80.81,row
C17,C17,bbb_120s,sweep,1080,5000,svtav1/slow,cpu,72.84,96.4,30,80.0,row
C17,C17,bbb_120s,sweep,1080,2500,vp9/default,cpu,67.49,36.0,30,81.54,row
C17,C17,bbb_120s,sweep,1080,2500,vp9/slow,cpu,69.37,45.6,30,80.13,row
C17,C17,bbb_120s,sweep,1080,2500,vp9/slower,cpu,71.47,58.4,30,78.4,row
C17,C17,bbb_120s,sweep,1080,5000,vp9/default,cpu,70.32,38.6,30,79.16,row
C17,C17,bbb_120s,sweep,1080,5000,vp9/slow,cpu,69.93,50.1,30,79.51,row
C17,C17,bbb_120s,sweep,1080,5000,vp9/slower,cpu,69.65,64.1,30,80.28,row
C17,C17,meridian_120s,sweep,1080,2500,x264/default,cpu,68.94,27.2,90,79.52,row
C17,C17,meridian_120s,sweep,1080,2500,x264/slow,cpu,51.15,22.3,60,95.05,row
C17,C17,meridian_120s,sweep,1080,5000,x264/default,cpu,64.75,21.4,60,80.77,row
C17,C17,meridian_120s,sweep,1080,5000,x264/slow,cpu,68.88,28.8,60,80.26,row
C17,C17,meridian_120s,sweep,1080,2500,x265/default,cpu,68.34,35.0,60,80.46,row
C17,C17,meridian_120s,sweep,1080,2500,x265/slow,cpu,70.32,43.4,30,79.98,row
C17,C17,meridian_120s,sweep,1080,5000,x265/default,cpu,65.66,21.0,30,80.39,row
C17,C17,meridian_120s,sweep,1080,5000,x265/slow,cpu,70.91,53.2,30,81.21,row
C17,C17,meridian_120s,sweep,1080,2500,svtav1/default,cpu,66.7,29.4,90,79.61,row
C17,C17,meridian_120s,sweep,1080,2500,svtav1/slow,cpu,71.45,122.6,30,80.57,row
C17,C17,meridian_120s,sweep,1080,5000,svtav1/default,cpu,65.01,20.8,60,79.97,row
C17,C17,meridian_120s,sweep,1080,5000,svtav1/slow,cpu,72.77,137.8,30,80.15,row
C17,C17,meridian_120s,sweep,1080,2500,vp9/default,cpu,69.2,43.8,30,80.65,row
C17,C17,meridian_120s,sweep,1080,2500,vp9/slow,cpu,71.03,55.7,30,79.74,row
C17,C17,meridian_120s,sweep,1080,2500,vp9/slower,cpu,68.86,62.8,30,81.25,row
C17,C17,meridian_120s,sweep,1080,5000,vp9/default,cpu,70.07,50.4,30,79.99,row
C17,C17,meridian_120s,sweep,1080,5000,vp9/slow,cpu,70.41,65.5,30,80.05,row
C17,C17,meridian_120s,sweep,1080,5000,vp9/slower,cpu,70.53,74.8,30,80.82,row
R14,R14,bbb,crf,1080,crf,h264_ultrafast,cpu,60.75,121.7,780.0,90.83,row
R14,R14,bbb,crf,1080,crf,h264_medium,cpu,75.04,134.8,420.0,79.87,row
R14,R14,bbb,crf,1080,crf,h264_veryslow,cpu,73.74,136.3,120.0,81.05,row
R14,R14,bbb,crf,1080,crf,av1_p12,cpu,73.36,129.7,660.0,80.21,row
R14,R14,bbb,crf,1080,crf,av1_p8,cpu,73.04,130.2,420.0,80.7,row
R14,R14,bbb,crf,1080,crf,av1_p4,cpu,73.08,148.9,180.0,80.84,row
R14,R14,bbb,crf,1080,crf,h264_ultrafast,cpu,73.96,121.3,780.0,81.14,row
R14,R14,bbb,crf,1080,crf,h264_medium,cpu,74.3,134.2,420.0,81.25,row
R14,R14,bbb,crf,1080,crf,h264_veryslow,cpu,74.65,136.1,120.0,79.83,row
R14,R14,bbb,crf,1080,crf,av1_p12,cpu,75.05,129.4,660.0,78.66,row
R14,R14,bbb,crf,1080,crf,av1_p8,cpu,73.16,130.3,420.0,81.03,row
R14,R14,bbb,crf,1080,crf,av1_p4,cpu,72.91,149.0,180.0,80.86,row
R14,R14,bbb,crf,1080,crf,h264_ultrafast,cpu,74.21,121.2,780.0,80.81,row
R14,R14,bbb,crf,1080,crf,h264_medium,cpu,75.11,134.6,420.0,80.24,row
R14,R14,bbb,crf,1080,crf,h264_veryslow,cpu,73.93,136.3,120.0,81.05,row
R14,R14,bbb,crf,1080,crf,av1_p12,cpu,73.24,129.5,660.0,80.54,row
R14,R14,bbb,crf,1080,crf,av1_p8,cpu,72.61,130.1,420.0,81.62,row
R14,R14,bbb,crf,1080,crf,av1_p4,cpu,72.03,149.1,180.0,82.18,row
