set,decode_class,device,content,codec,job_id,n_baseline,n_task,w_base_w,w_task_w,delta_w_w,value_w,value_basis,flag,valid,in_comparison,presented_fps,fps_source,note
C25 F1,hw,gtv,meridian,av1,271548a3,20,150,1.187,1.656,0.469,0.469,delta_w,🟢,yes,yes,,eye-checked (cell),
C25 F1,hw,gtv,meridian,h265,39cdcb78,20,150,1.215,1.718,0.503,0.503,delta_w,🟢,yes,yes,,,
C25 F1,hw,bbox,meridian,h264,419cddbb,20,150,5.573,5.885,0.312,0.312,delta_w,🟢,yes,yes,50.0,"SurfaceFlinger, in window",
C25 F1,hw,bbox,meridian,h265,42ab84d2,20,150,5.814,6.014,0.200,0.200,delta_w,🟡,yes,yes,50.0,"SurfaceFlinger, in window",
C25 F1,hw,bbox,meridian,h264,63b9004c,20,150,5.721,6.042,0.321,0.321,delta_w,🟢,yes,yes,49.89,"SurfaceFlinger, in window",
C25 F1,hw,gtv,meridian,h265,70e6f822,20,150,1.156,1.703,0.547,0.547,delta_w,🟢,yes,yes,,,
C25 F1,hw,gtv,meridian,h264,862fd257,20,150,1.350,1.694,0.344,0.344,delta_w,🟢,yes,yes,,eye-checked (cell),
C25 F1,hw,gtv,meridian,h264,87a1cb01,20,150,1.188,1.722,0.534,0.534,delta_w,🟢,yes,yes,,eye-checked (cell),
C25 F1,sw-fail,bbox,meridian,av1,92f5a72b,20,150,5.745,7.545,1.800,1.800,delta_w,🟢,yes,no,5.02,"SurfaceFlinger, in window","software decode, ~5 of 59.94 frames/s: failed playback (C25 F2)"
C25 F1,hw,bbox,meridian,h265,9b6bcca3,20,150,5.601,5.879,0.278,0.278,delta_w,🟢,yes,yes,50.0,"SurfaceFlinger, in window",
C25 F1,hw,gtv,meridian,av1,9e41eec1,20,150,1.283,1.670,0.387,0.387,delta_w,🟢,yes,yes,,eye-checked (cell),
C25 F1,sw-fail,bbox,meridian,av1,a22974ba,20,150,5.676,7.420,1.743,1.743,delta_w,🟢,yes,no,5.0,"SurfaceFlinger, in window","software decode, ~5 of 59.94 frames/s: failed playback (C25 F2)"
C25 F1,hw,bbox,meridian,h264,bc477b1a,20,150,5.767,6.126,0.359,0.359,delta_w,🟢,yes,yes,49.99,"SurfaceFlinger, in window",
C25 F1,hw,gtv,meridian,av1,cff82e7b,20,150,1.237,1.663,0.426,0.426,delta_w,🟢,yes,yes,,eye-checked (cell),
C25 F1,hw,gtv,meridian,h265,d161045c,20,150,1.214,1.682,0.468,0.468,delta_w,🟢,yes,yes,,,
C25 F1,hw,gtv,meridian,h264,e5059329,20,150,1.169,1.696,0.526,0.526,delta_w,🟢,yes,yes,,eye-checked (cell),
C25 F1,hw,bbox,meridian,h265,fc76a3d6,20,150,5.717,5.986,0.269,0.269,delta_w,🟢,yes,yes,50.0,"SurfaceFlinger, in window",
C25 F1,sw-fail,bbox,meridian,av1,ffa96b52,20,150,5.704,7.479,1.775,1.775,delta_w,🟢,yes,no,5.07,"SurfaceFlinger, in window","software decode, ~5 of 59.94 frames/s: failed playback (C25 F2)"
C27 F1,hw,w5,bbb,h264,0e55456b,20,1083,3.808,4.859,1.051,1.051,delta_w,🟢,yes,yes,,,
C27 F1,hw,w5,bbb,vp9,23e5aba9,20,1096,3.857,4.859,1.002,1.002,delta_w,🟢,yes,yes,,,
C27 F1,hw,w5,bbb,h264,35b5ff43,20,1096,3.811,4.894,1.083,1.083,delta_w,🟢,yes,yes,,,
C27 F1,hw,w5,bbb,h265,374a67b2,20,1096,3.870,4.802,0.931,0.931,delta_w,🟢,yes,yes,,,
C27 F1,hw,w5,bbb,vp9,3fb59067,20,1096,3.924,4.847,0.923,0.923,delta_w,🟢,yes,yes,,,
C27 F1,sw-fail,w5,bbb,av1,51f8c53e,20,1096,3.823,4.273,0.451,0.451,delta_w,🟢,yes,no,,,"in-app software AV1, 1.3-1.7 frames/s in same-session probes: failed playback (C27 F2)"
C27 F1,sw-fail,w5,bbb,av1,548866c5,20,1096,3.821,4.273,0.452,0.452,delta_w,🟢,yes,no,,,"in-app software AV1, 1.3-1.7 frames/s in same-session probes: failed playback (C27 F2)"
C27 F1,hw,w5,bbb,h264,64e14084,20,1091,3.774,4.860,1.086,1.086,delta_w,🟢,yes,yes,,,
C27 F1,hw,w5,bbb,vp9,6da9885f,20,1095,3.851,4.838,0.987,0.987,delta_w,🟢,yes,yes,,,
C27 F1,hw,w5,bbb,h265,a574cbdf,20,1096,3.830,4.823,0.993,0.993,delta_w,🟢,yes,yes,,,
C27 F1,hw,w5,bbb,h265,a6c84770,20,1096,3.832,4.807,0.975,0.975,delta_w,🟢,yes,yes,,,
C27 F1,sw-fail,w5,bbb,av1,e7e90640,20,1096,3.840,4.262,0.422,0.422,delta_w,🟢,yes,no,,,"in-app software AV1, 1.3-1.7 frames/s in same-session probes: failed playback (C27 F2)"
C17 F3,hw,gtv,bbb,vp9,347daf4d,20,1080,1.413,1.956,0.543,0.543,delta_w,🟢,yes,yes,,,
C17 F3,hw,firestick,bbb,vp9,347daf4d,20,1080,1.546,1.970,0.424,0.424,delta_w,🟢,yes,yes,,,
C17 F3,hw,gtv,bbb,h264,45e11a0b,20,1080,1.346,1.948,0.602,0.602,delta_w,🟢,yes,yes,,,
C17 F3,hw,firestick,bbb,h264,45e11a0b,20,1080,1.439,1.914,0.476,0.476,delta_w,🟢,yes,yes,,,
C17 F3,hw,gtv,bbb,av1,7141a3ec,20,1080,1.377,1.934,0.557,0.557,delta_w,🟢,yes,yes,,,
C17 F3,hw,firestick,bbb,av1,7141a3ec,20,1080,1.484,1.992,0.509,0.509,delta_w,🟢,yes,yes,,,
C17 F3,hw,gtv,bbb,h265,b5e00ee0,20,1080,1.409,1.952,0.543,0.543,delta_w,🟢,yes,yes,,,
C17 F3,hw,firestick,bbb,h265,b5e00ee0,20,1080,1.451,1.948,0.497,0.497,delta_w,🟢,yes,yes,,,
C17 F3,hw,gtv,meridian,av1,0028f669,20,1080,1.369,1.891,0.522,0.522,delta_w,🟢,yes,yes,,,
C17 F3,hw,firestick,meridian,av1,0028f669,20,1080,1.561,1.906,0.345,0.345,delta_w,🟢,yes,yes,,,
C17 F3,hw,gtv,meridian,vp9,0649ef79,20,1080,1.351,1.932,0.581,0.581,delta_w,🟢,yes,yes,,,
C17 F3,hw,firestick,meridian,vp9,0649ef79,20,1080,1.480,1.827,0.347,0.347,delta_w,🟢,no,yes,,,
C17 F3,hw,gtv,meridian,av1,102838b1,20,1080,1.414,1.908,0.494,0.494,delta_w,🟢,yes,yes,,,
C17 F3,hw,firestick,meridian,av1,102838b1,20,1080,1.520,1.921,0.400,0.400,delta_w,🟢,yes,yes,,,
C17 F3,hw,gtv,kranjska,h265,11d95f9d,20,1080,1.405,1.685,0.280,0.280,delta_w,🟢,yes,yes,,,
C17 F3,hw,firestick,kranjska,h265,11d95f9d,20,1080,1.467,1.813,0.345,0.345,delta_w,🟢,yes,yes,,,
C17 F3,hw,gtv,meridian,h264,1346c767,20,1080,1.357,1.916,0.559,0.559,delta_w,🟢,yes,yes,,,
C17 F3,hw,firestick,meridian,h264,1346c767,20,1080,1.443,1.881,0.438,0.438,delta_w,🟢,yes,yes,,,
C17 F3,hw,gtv,kranjska,av1,14a7de55,20,1080,1.376,1.660,0.284,0.284,delta_w,🟢,yes,yes,,,
C17 F3,hw,firestick,kranjska,av1,14a7de55,20,1080,1.523,1.819,0.296,0.296,delta_w,🟢,yes,yes,,,
C17 F3,hw,gtv,bbb,h264,16b7522f,20,1080,1.346,1.951,0.605,0.605,delta_w,🟢,yes,yes,,,
C17 F3,hw,firestick,bbb,h264,16b7522f,20,1080,1.371,1.909,0.538,0.538,delta_w,🟢,yes,yes,,,
C17 F3,hw,gtv,meridian,h265,24e65d43,20,1080,1.415,1.917,0.502,0.502,delta_w,🟢,yes,yes,,,
C17 F3,hw,firestick,meridian,h265,24e65d43,20,1080,1.501,1.876,0.376,0.376,delta_w,🟢,yes,yes,,,
C17 F3,hw,gtv,bbb,h264,38768160,20,1080,1.388,1.950,0.562,0.562,delta_w,🟢,yes,yes,,,
C17 F3,hw,firestick,bbb,h264,38768160,20,1080,1.405,1.941,0.536,0.536,delta_w,🟢,yes,yes,,,
C17 F3,hw,gtv,meridian,h264,3e470f32,20,1080,1.374,1.903,0.529,0.529,delta_w,🟢,yes,yes,,,
C17 F3,hw,firestick,meridian,h264,3e470f32,20,1080,1.557,1.882,0.325,0.325,delta_w,🟢,yes,yes,,,
C17 F3,hw,gtv,kranjska,av1,42715dd6,20,1080,1.392,1.665,0.273,0.273,delta_w,🟢,yes,yes,,,
C17 F3,hw,firestick,kranjska,av1,42715dd6,20,1080,1.545,1.810,0.265,0.265,delta_w,🟢,yes,yes,,,
C17 F3,hw,gtv,meridian,vp9,4da1e7d8,20,1080,1.331,1.933,0.602,0.602,delta_w,🟢,yes,yes,,,
C17 F3,hw,firestick,meridian,vp9,4da1e7d8,20,1080,1.423,1.511,0.088,0.088,delta_w,🟡,no,yes,,,
C17 F3,hw,gtv,meridian,h265,57c1895f,20,1080,1.414,1.912,0.498,0.498,delta_w,🟢,yes,yes,,,
C17 F3,hw,firestick,meridian,h265,57c1895f,20,1080,1.372,1.877,0.505,0.505,delta_w,🟢,yes,yes,,,
C17 F3,hw,gtv,meridian,h264,5ba7f131,20,1080,1.410,1.921,0.511,0.511,delta_w,🟢,yes,yes,,,
C17 F3,hw,firestick,meridian,h264,5ba7f131,20,1080,1.420,1.898,0.478,0.478,delta_w,🟢,yes,yes,,,
C17 F3,hw,gtv,bbb,vp9,5f23d935,20,1080,1.381,1.961,0.579,0.579,delta_w,🟢,yes,yes,,,
C17 F3,hw,firestick,bbb,vp9,5f23d935,20,1080,1.466,1.951,0.485,0.485,delta_w,🟢,yes,yes,,,
C17 F3,hw,gtv,kranjska,vp9,80370bc3,20,1080,1.387,1.697,0.311,0.311,delta_w,🟢,yes,yes,,,
C17 F3,hw,firestick,kranjska,vp9,80370bc3,20,1080,1.503,1.830,0.327,0.327,delta_w,🟢,yes,yes,,,
C17 F3,hw,gtv,kranjska,h264,874baeef,20,1080,1.428,1.677,0.249,0.249,delta_w,🟢,yes,yes,,,
C17 F3,hw,firestick,kranjska,h264,874baeef,20,1080,1.492,1.820,0.327,0.327,delta_w,🟢,yes,yes,,,
C17 F3,hw,gtv,bbb,h265,89a40c75,20,1080,1.363,1.952,0.589,0.589,delta_w,🟢,yes,yes,,,
C17 F3,hw,firestick,bbb,h265,89a40c75,20,1080,1.439,1.930,0.490,0.490,delta_w,🟢,yes,yes,,,
C17 F3,hw,gtv,kranjska,vp9,9ea8debb,20,1080,1.417,1.688,0.271,0.271,delta_w,🟢,yes,yes,,,
C17 F3,hw,firestick,kranjska,vp9,9ea8debb,20,1080,1.455,1.817,0.362,0.362,delta_w,🟢,yes,yes,,,
C17 F3,hw,gtv,bbb,vp9,a99609f4,20,1080,1.343,1.961,0.619,0.619,delta_w,🟢,yes,yes,,,
C17 F3,hw,firestick,bbb,vp9,a99609f4,20,1080,1.493,1.953,0.460,0.460,delta_w,🟢,yes,yes,,,
C17 F3,hw,gtv,kranjska,h265,b4d1476c,20,1080,1.405,1.677,0.273,0.273,delta_w,🟢,yes,yes,,,
C17 F3,hw,firestick,kranjska,h265,b4d1476c,20,1080,1.480,1.353,-0.127,-0.127,delta_w,🔴,no,yes,,,
C17 F3,hw,gtv,kranjska,h264,b8c2999d,20,1080,1.397,1.681,0.284,0.284,delta_w,🟢,yes,yes,,,
C17 F3,hw,firestick,kranjska,h264,b8c2999d,20,1080,1.442,1.812,0.370,0.370,delta_w,🟢,yes,yes,,,
C17 F3,hw,gtv,kranjska,vp9,daab9f4e,20,1080,1.384,1.699,0.315,0.315,delta_w,🟢,yes,yes,,,
C17 F3,hw,firestick,kranjska,vp9,daab9f4e,20,1080,1.396,1.819,0.423,0.423,delta_w,🟢,yes,yes,,,
C17 F3,hw,gtv,bbb,av1,e511ea36,20,1080,1.381,1.925,0.544,0.544,delta_w,🟢,yes,yes,,,
C17 F3,hw,firestick,bbb,av1,e511ea36,20,1080,1.455,1.973,0.519,0.519,delta_w,🟢,yes,yes,,,
C17 F3,hw,gtv,meridian,vp9,f76c6c8d,20,1080,1.385,1.924,0.539,0.539,delta_w,🟢,yes,yes,,,
C17 F3,hw,firestick,meridian,vp9,f76c6c8d,20,1080,1.457,1.876,0.419,0.419,delta_w,🟢,yes,yes,,,
C17 F3,hw,gtv,kranjska,h264,f7c90141,20,1080,1.356,1.679,0.323,0.323,delta_w,🟢,yes,yes,,,
C17 F3,hw,firestick,kranjska,h264,f7c90141,20,1080,1.443,1.833,0.390,0.390,delta_w,🟢,yes,yes,,,
C11 F7,sw,pi5,bbb,av1,1558e5c6,20,150,3.271,4.816,1.545,1.545,delta_w,🟢,yes,yes,,,
C11 F7,sw,pi5,kranjska,h264,2011f22f,20,3540,3.265,4.263,0.998,0.998,delta_w,🟢,yes,yes,,,
C11 F7,sw,pi5,bbb,h264,2032a5c4,20,150,3.257,4.592,1.335,1.335,delta_w,🟢,yes,yes,,,
C11 F7,sw,pi5,meridian,h265,31996901,20,150,3.276,5.370,2.095,2.095,delta_w,🟢,yes,yes,,,
C11 F7,sw,pi5,meridian,h264,4a6a21cc,20,150,3.279,4.245,0.966,0.966,delta_w,🟢,yes,yes,,,
C11 F7,sw,pi5,bbb,h264,6722457c,20,30,3.197,4.562,1.364,1.364,delta_w,🟢,yes,yes,,,
C11 F7,sw,pi5,kranjska,h265,6de36735,20,150,3.183,5.290,2.106,2.106,delta_w,🟢,yes,yes,,,
C11 F7,sw,pi5,meridian,h264,79aca4f5,20,1200,3.300,4.273,0.973,0.973,delta_w,🟢,yes,yes,,,
C11 F7,sw,pi5,bbb,h264,83ae9b02,20,3540,3.326,4.614,1.287,1.287,delta_w,🟢,yes,yes,,,
C11 F7,sw,pi5,kranjska,h264,88d0a4a5,20,150,3.230,4.451,1.221,1.221,delta_w,🟢,yes,yes,,,
C11 F7,sw,pi5,meridian,av1,8e322800,20,150,3.364,4.473,1.109,1.109,delta_w,🟢,yes,yes,,,
C11 F7,sw,pi5,bbb,h264,8ff253a9,20,300,3.170,4.632,1.462,1.462,delta_w,🟢,yes,yes,,,
C11 F7,sw,pi5,meridian,h264,b5ac7b15,20,300,3.253,4.257,1.004,1.004,delta_w,🟢,yes,yes,,,
C11 F7,sw,pi5,kranjska,av1,c0da730a,20,150,3.252,4.917,1.665,1.665,delta_w,🟢,yes,yes,,,
C11 F7,sw,pi5,bbb,h264,dac372ad,20,150,3.279,4.620,1.341,1.341,delta_w,🟢,yes,yes,,,
C11 F7,sw,pi5,bbb,h265,e4799aca,20,150,3.230,5.613,2.382,2.382,delta_w,🟢,yes,yes,,,
C11 F7,sw,pi5,meridian,h264,e519c729,20,3540,3.194,4.286,1.092,1.092,delta_w,🟢,yes,yes,,,
C11 F7,sw,pi5,bbb,h264,ed3bab9c,20,30,3.266,4.527,1.260,1.260,delta_w,🟢,yes,yes,,,
C11 F7,sw,pi5,meridian,h264,f135bf7c,20,30,3.308,4.247,0.939,0.939,delta_w,🟢,yes,yes,,,
C11 F7,sw,pi5,bbb,h264,ff57230b,20,1200,3.228,4.607,1.380,1.380,delta_w,🟢,yes,yes,,,
C11 F7,sw,pi5,meridian,h264,10a92d0d,20,150,3.166,4.238,1.072,1.072,delta_w,🟢,yes,yes,,,
C11 F7,sw,pi5,kranjska,h264,2e367611,20,1200,3.231,4.314,1.083,1.083,delta_w,🟢,yes,yes,,,
C11 F7,sw,pi5,kranjska,h264,3178fa71,20,300,3.221,4.232,1.010,1.010,delta_w,🟢,yes,yes,,,
C11 F7,sw,pi5,meridian,av1,48850c9f,20,150,3.176,4.459,1.284,1.284,delta_w,🟢,yes,yes,,,
C11 F7,sw,pi5,bbb,h265,5312e897,20,150,3.241,5.616,2.374,2.374,delta_w,🟢,yes,yes,,,
C11 F7,sw,pi5,kranjska,h265,6de582a5,20,150,3.143,5.272,2.129,2.129,delta_w,🟢,yes,yes,,,
C11 F7,sw,pi5,bbb,h265,8984f347,20,60,3.145,5.650,2.505,2.505,delta_w,🟢,yes,yes,,,
C11 F7,sw,pi5,kranjska,av1,90b35397,20,150,3.221,4.844,1.622,1.622,delta_w,🟢,yes,yes,,,
C11 F7,sw,pi5,meridian,h265,91e5484f,20,150,3.197,5.321,2.124,2.124,delta_w,🟢,yes,yes,,,
C11 F7,sw,pi5,bbb,av1,97568ac4,20,150,3.212,4.807,1.595,1.595,delta_w,🟢,yes,yes,,,
C11 F7,sw,pi5,kranjska,h264,d345f0dd,20,150,3.223,4.205,0.982,0.982,delta_w,🟢,yes,yes,,,
C11 F7,sw,pi5,kranjska,h264,fcb3a313,20,30,3.216,4.365,1.148,1.148,delta_w,🟢,yes,yes,,,
C24 am. (abs W),sw,atv,bbb,av1,08e71018,40,150,3.131,6.630,3.499,6.630,w_task (absolute),🟢,yes,yes,,eye-checked (every row),
C24 am. (abs W),sw,atv,bbb,h264,278ad8ce,40,150,3.230,5.541,2.311,5.541,w_task (absolute),🟢,yes,yes,,eye-checked (every row),
C24 am. (abs W),sw,atv,bbb,h264,2ca01dc9,40,150,3.254,5.629,2.375,5.629,w_task (absolute),🟢,yes,yes,,eye-checked (every row),
C24 am. (abs W),sw,atv,bbb,av1,b67cc008,40,150,5.737,6.817,1.080,6.817,w_task (absolute),🟢,yes,yes,,eye-checked (every row),
C24 am. (abs W),sw,atv,bbb,vp9,bc3d8387,40,150,6.193,6.590,0.397,6.590,w_task (absolute),🟡,yes,yes,,eye-checked (every row),
C24 am. (abs W),sw,atv,bbb,vp9,bfcb4416,40,150,3.237,6.757,3.520,6.757,w_task (absolute),🟢,yes,yes,,eye-checked (every row),
C24 am. (abs W),sw,atv,bbb,h264,d06c40f7,40,150,3.045,5.447,2.402,5.447,w_task (absolute),🟢,yes,yes,,eye-checked (every row),
C24 am. (abs W),sw,atv,bbb,vp9,e4cd0e20,40,150,3.393,6.600,3.207,6.600,w_task (absolute),🟢,yes,yes,,eye-checked (every row),
C24 am. (abs W),sw,atv,bbb,av1,e9526e2c,40,150,3.546,6.834,3.288,6.834,w_task (absolute),🟢,yes,yes,,eye-checked (every row),
C26,sw-fail,bbox,meridian1080p30,av1,1b468d03,20,150,5.909,7.921,2.013,2.013,delta_w,🟢,yes,yes,14.71,"SurfaceFlinger, in window",
C26,sw,bbox,meridian720p30,av1,2a99092d,20,150,5.947,7.443,1.495,1.495,delta_w,🟢,yes,yes,29.92,"SurfaceFlinger, in window",
C26,sw-fail,bbox,meridian1080p30,h264,2f69ecf2,20,150,6.032,6.017,-0.015,-0.015,delta_w,🔴,yes,yes,29.97,"SurfaceFlinger, in window",
C26,sw,bbox,meridian720p30,h264,61ab59d8,20,150,5.943,5.857,-0.086,-0.086,delta_w,🔴,yes,yes,29.96,"SurfaceFlinger, in window",
C26,sw-fail,bbox,meridian1080p30,h264,79684ac2,20,150,5.943,5.997,0.055,0.055,delta_w,🔴,yes,yes,29.97,"SurfaceFlinger, in window",
C26,sw,bbox,meridian720p30,av1,7b204dd4,20,150,5.951,7.452,1.501,1.501,delta_w,🟢,yes,yes,29.95,"SurfaceFlinger, in window",
C26,sw,bbox,meridian720p30,h264,a60c3b21,20,150,5.968,5.897,-0.071,-0.071,delta_w,🔴,yes,yes,29.96,"SurfaceFlinger, in window",
C26,sw-fail,bbox,meridian1080p30,av1,a94336c7,20,150,5.892,7.916,2.024,2.024,delta_w,🟢,yes,yes,16.56,"SurfaceFlinger, in window",
C26,sw-fail,bbox,meridian1080p30,av1,bd06079d,20,150,5.909,7.958,2.049,2.049,delta_w,🟢,yes,yes,14.44,"SurfaceFlinger, in window",
C26,sw,bbox,meridian720p30,h264,c565b4c0,20,150,5.981,5.903,-0.078,-0.078,delta_w,🔴,yes,yes,29.96,"SurfaceFlinger, in window",
C26,sw,bbox,meridian720p30,av1,c8beb124,20,150,5.938,7.466,1.528,1.528,delta_w,🟢,yes,yes,30.01,"SurfaceFlinger, in window",
C26,sw-fail,bbox,meridian1080p30,h264,f6b66b1a,20,150,5.969,5.996,0.027,0.027,delta_w,🔴,yes,yes,30.01,"SurfaceFlinger, in window",
