set,decode_class,device,content,codec_pair,n1,n2,diff_w,ci95_lo_w,ci95_hi_w,welch_df,max_abs_ci_w,pooled_sd_w,n_per_cell_for_0p1w_bound_at_obs_diff,n_per_cell_for_0p1w_bound_if_true_diff_0,note
C11 F7,sw,pi5,bbb,av1-h264,2,7,0.223,0.118,0.328,3.4,0.328,0.062,none,5,
C11 F7,sw,pi5,bbb,av1-h265,2,3,-0.850,-1.009,-0.691,2.9,1.009,0.063,none,5,
C11 F7,sw,pi5,bbb,h264-h265,7,3,-1.073,-1.218,-0.928,3.5,1.218,0.068,none,5,
C11 F7,sw,pi5,kranjska,av1-h264,2,6,0.570,0.460,0.680,5.8,0.680,0.088,none,8,
C11 F7,sw,pi5,kranjska,av1-h265,2,2,-0.474,-0.617,-0.331,1.5,0.617,0.024,none,3,
C11 F7,sw,pi5,kranjska,h264-h265,6,2,-1.044,-1.145,-0.943,5.7,1.145,0.087,none,8,
C11 F7,sw,pi5,meridian,av1-h264,2,6,0.189,-0.637,1.015,1.2,1.015,0.076,none,6,
C11 F7,sw,pi5,meridian,av1-h265,2,2,-0.913,-1.910,0.084,1.1,1.910,0.089,none,8,
C11 F7,sw,pi5,meridian,h264-h265,6,2,-1.102,-1.174,-1.030,5.7,1.174,0.057,none,4,
C17 F3,hw,firestick,bbb,av1-h264,2,3,-0.003,-0.084,0.079,2.2,0.084,0.029,3,3,
C17 F3,hw,firestick,bbb,av1-h265,2,2,0.021,-0.009,0.050,1.8,0.050,0.006,2,2,
C17 F3,hw,firestick,bbb,av1-vp9,2,3,0.058,-0.012,0.128,2.3,0.128,0.025,5,3,
C17 F3,hw,firestick,bbb,h264-h265,3,2,0.023,-0.061,0.107,2.1,0.107,0.029,3,3,
C17 F3,hw,firestick,bbb,h264-vp9,3,3,0.060,-0.015,0.136,3.9,0.136,0.033,7,3,
C17 F3,hw,firestick,bbb,h265-vp9,2,3,0.037,-0.035,0.110,2.2,0.110,0.025,3,3,
C17 F3,hw,firestick,kranjska,av1-h264,2,3,-0.082,-0.160,-0.004,2.9,0.160,0.029,22,3,
C17 F3,hw,firestick,kranjska,av1-h265,2,1,-0.065,,,,,,,,"n<2, no CI"
C17 F3,hw,firestick,kranjska,av1-vp9,2,3,-0.090,-0.195,0.014,2.9,0.195,0.042,139,3,
C17 F3,hw,firestick,kranjska,h264-h265,3,1,0.017,,,,,,,,"n<2, no CI"
C17 F3,hw,firestick,kranjska,h264-vp9,3,3,-0.008,-0.108,0.091,3.5,0.108,0.041,4,3,
C17 F3,hw,firestick,kranjska,h265-vp9,1,3,-0.026,,,,,,,,"n<2, no CI"
C17 F3,hw,firestick,meridian,av1-h264,2,3,-0.041,-0.213,0.131,2.9,0.213,0.069,12,6,
C17 F3,hw,firestick,meridian,av1-h265,2,2,-0.068,-0.561,0.425,1.4,0.561,0.070,39,6,
C17 F3,hw,firestick,meridian,av1-vp9,2,1,-0.046,,,,,,,,"n<2, no CI"
C17 F3,hw,firestick,meridian,h264-h265,3,2,-0.027,-0.366,0.312,2.0,0.366,0.083,12,7,
C17 F3,hw,firestick,meridian,h264-vp9,3,1,-0.005,,,,,,,,"n<2, no CI"
C17 F3,hw,firestick,meridian,h265-vp9,2,1,0.022,,,,,,,,"n<2, no CI"
C17 F3,hw,gtv,bbb,av1-h264,2,3,-0.039,-0.091,0.013,2.7,0.091,0.020,3,2,
C17 F3,hw,gtv,bbb,av1-h265,2,2,-0.016,-0.237,0.206,1.2,0.237,0.024,3,3,
C17 F3,hw,gtv,bbb,av1-vp9,2,3,-0.030,-0.116,0.056,2.3,0.116,0.031,4,3,
C17 F3,hw,gtv,bbb,h264-h265,3,2,0.024,-0.110,0.157,1.7,0.157,0.027,3,3,
C17 F3,hw,gtv,bbb,h264-vp9,3,3,0.009,-0.068,0.087,3.4,0.087,0.032,3,3,
C17 F3,hw,gtv,bbb,h265-vp9,2,3,-0.014,-0.125,0.097,2.6,0.125,0.036,3,3,
C17 F3,hw,gtv,kranjska,av1-h264,2,3,-0.007,-0.092,0.079,2.3,0.092,0.031,3,3,
C17 F3,hw,gtv,kranjska,av1-h265,2,2,0.002,-0.031,0.035,1.7,0.035,0.007,2,2,
C17 F3,hw,gtv,kranjska,av1-vp9,2,3,-0.021,-0.074,0.033,2.5,0.074,0.020,3,2,
C17 F3,hw,gtv,kranjska,h264-h265,3,2,0.009,-0.080,0.098,2.1,0.098,0.030,3,3,
C17 F3,hw,gtv,kranjska,h264-vp9,3,3,-0.014,-0.089,0.062,3.5,0.089,0.031,3,3,
C17 F3,hw,gtv,kranjska,h265-vp9,2,3,-0.022,-0.079,0.034,2.2,0.079,0.020,3,2,
C17 F3,hw,gtv,meridian,av1-h264,2,3,-0.025,-0.093,0.043,2.7,0.093,0.023,3,2,
C17 F3,hw,gtv,meridian,av1-h265,2,2,0.008,-0.156,0.172,1.0,0.172,0.014,2,2,
C17 F3,hw,gtv,meridian,av1-vp9,2,3,-0.066,-0.140,0.008,3.0,0.140,0.029,7,3,
C17 F3,hw,gtv,meridian,h264-h265,3,2,0.033,-0.026,0.092,2.1,0.092,0.020,3,2,
C17 F3,hw,gtv,meridian,h264-vp9,3,3,-0.041,-0.107,0.025,3.7,0.107,0.028,4,3,
C17 F3,hw,gtv,meridian,h265-vp9,2,3,-0.074,-0.152,0.004,2.0,0.152,0.026,10,3,
C24 am. (abs W),sw,atv,bbb,av1-h264,3,3,1.221,0.984,1.458,3.8,1.458,0.103,none,10,
C24 am. (abs W),sw,atv,bbb,av1-vp9,3,3,0.111,-0.127,0.350,3.9,0.350,0.104,none,10,
C24 am. (abs W),sw,atv,bbb,h264-vp9,3,3,-1.110,-1.319,-0.901,4.0,1.319,0.092,none,8,
C25 F1,hw,bbox,meridian,h264-h265,3,3,0.082,-0.006,0.169,3.2,0.169,0.035,30,3,
C25 F1,hw,gtv,meridian,av1-h264,3,3,-0.041,-0.273,0.192,2.6,0.273,0.081,16,7,
C25 F1,hw,gtv,meridian,av1-h265,3,3,-0.079,-0.170,0.013,4.0,0.170,0.040,29,3,
C25 F1,hw,gtv,meridian,h264-h265,3,3,-0.038,-0.272,0.196,2.5,0.272,0.081,15,7,
C26,sw,bbox,meridian720p30,av1-h264,3,3,1.586,1.549,1.624,2.7,1.624,0.014,none,2,
C26,sw-fail,bbox,meridian1080p30,av1-h264,3,3,2.006,1.934,2.079,3.0,2.079,0.028,none,3,
C27 F1,hw,w5,bbb,h264-h265,3,3,0.107,0.042,0.172,3.3,0.172,0.026,none,3,
C27 F1,hw,w5,bbb,h264-vp9,3,3,0.103,0.015,0.191,2.8,0.191,0.033,none,3,
C27 F1,hw,w5,bbb,h265-vp9,3,3,-0.004,-0.091,0.083,3.7,0.091,0.037,3,3,
